(No modificar) Id. de categoría,(No modificar) Suma de comprobación de fila,(No modificar) Fecha de modificación,Propietario,Tipología,Categoría principal,Sub categoría - Título,Número de categoría,Foco principal para el análisis,Foco secundario para el análisis
f45ce68b-7da2-ef11-8a6a-7c1e524ec754,J8S40k5y4NnvI8a3fzDQW2qUvoSegpfnRbPIM3sVMnfOJfVdCLvN1j4TWoJwgJ8f5A/s2nm1wnSQQ98UY9RKiA==,11/14/24 11:42,VIU - Datos,Acción Proactiva,Acompañamiento al estudiante,Acciones Finales,CAT-03724,,
0dd42592-9d41-ee11-bdf5-000d3aa90776,HUjJs96XeP5rrbaFxbNC9iSSskv2B3ns8dsQYpqZmmmlGWEtNdyr1jdphCjFMp59JMZ+l+8xmewUQgoCD30CEQ==,7/17/24 20:40,VIU - Datos,Informativa,Académico,Acompañamiento en el desarrollo académico,CAT-02004,,SI
88d42592-9d41-ee11-bdf5-000d3aa90776,pJOosxTGTQdVE9bNRU9l/IuNxHlIWmWymm9Jc4dVAncdkpc5duBiHcgUtfhaeSAaeGKMGT+yoWrKf6YEYXPSbA==,7/17/24 20:40,VIU - Datos,Incidencia,Académico,Acompañamiento en el desarrollo académico,CAT-02060,,SI
03d52592-9d41-ee11-bdf5-000d3aa90776,R3ZtnlhlFTc7FFKGsWTukxAITKBUnSj05hKrl22J1DINAyLEwquy18pgAYVDBie7GKPE10U7spyAVAVK9LDocA==,7/17/24 20:40,VIU - Datos,Solicitud Gestiones,Académico,Acompañamiento en el desarrollo académico,CAT-02121,,SI
f7d52592-9d41-ee11-bdf5-000d3aa90776,RzELFCrgHRjWcznps4xbxaQ3yNumWzu9bW/4kXF5SbtDv4oWSv6Iz5qRZOFyy1VTocXx6/zu3xAyCrazxBE8Gg==,7/17/24 20:40,VIU - Datos,Acción Proactiva,Académico,Acompañamiento en el desarrollo académico,CAT-02243,,SI
d6af0652-1c48-ef11-bfe3-000d3abbcd25,ECIJfSzoUjrTnSTtZ6TZSExheRFm/8CCiBBpGE2H0cpaDqOsMPLqjnQiUoFgcJGa6Ck54mJDpqFY0zoIRQjZJw==,7/25/24 7:06,VIU - Datos,Queja,Académico,Acompañamiento en el desarrollo académico,CAT-03357,,SI
7fe5614e-82a2-ef11-8a6b-000d3a2ee5c6,383dfwxQeMTcmPllvUFp/lDUOD1wG6BhArYs0eh+Miz2b74MpREjv87pneFjxU/k4qQ8b6gHZ4aej2ngAdc+OQ==,11/14/24 12:17,VIU - Datos,Solicitud Gestiones,Tutoría,Acompañamiento en la matrícula,CAT-03770,,
5be5614e-82a2-ef11-8a6b-000d3a2ee5c6,AJy7ib0cmwmGd+W05W3CeJNkKpsSFJa57Xln4tdmzI7g1c9QKkefR6+Z5RAlIeN7FCLCtqY1CgGrwxiNnRZqWg==,11/14/24 12:17,VIU - Datos,Incidencia,Tutoría,Acompañamiento en la matrícula,CAT-03752,,
6de5614e-82a2-ef11-8a6b-000d3a2ee5c6,lJ/P52rizIj54MXvban30RgB6YiXsF4QelzcAXbZZShj4MMRq4Drgg10UL0cxTQ3UEtAIQqwnm475afaaBkbsA==,11/14/24 12:17,VIU - Datos,Informativa,Tutoría,Acompañamiento en la matrícula,CAT-03761,,
2dd52592-9d41-ee11-bdf5-000d3aa90776,I4759y7ulMjmmwM/CIr9XV7/cQkyj3nUkdX0+e/mpVayrmNhjrTrX+ClGg4zHu/uRe7Hq93iD5I+WGAkj+/mAQ==,7/17/24 20:40,VIU - Datos,Solicitud Gestiones,Matrícula,Acompañamiento en la matrícula,CAT-02142,,
a4e5614e-82a2-ef11-8a6b-000d3a2ee5c6,tc2MI5LBHY+ha57wZNbj8oMZbPn5TcDEVEjQWIQpZhvMJL0QUcW5vMKraz5kjCYQNcsnTFR9wkZJQibdG0l6hA==,11/14/24 12:17,VIU - Datos,Queja,Tutoría,Acompañamiento en la matrícula,CAT-03788,,
38d42592-9d41-ee11-bdf5-000d3aa90776,ArlgRHTofzSa9wrc8qBjNFd+ZO1lzj1/mCJ6oHjDZXh108LbQxsPAmdzVLJg7tU0+gKIoN3VNExoHCh/sfZXeQ==,7/17/24 20:40,VIU - Datos,Informativa,Matrícula,Acompañamiento en la matrícula,CAT-02025,,
b2d42592-9d41-ee11-bdf5-000d3aa90776,KPKCcrpZTbKR3op6jZX83gyEgqkqXAJ/TQFSNcQRgHmuVew+aVUBUABSxrbwe0Z6zuUHGqasIQbw8wf2H9/2SA==,7/17/24 20:40,VIU - Datos,Incidencia,Matrícula,Acompañamiento en la matrícula,CAT-02081,,
87e5614e-82a2-ef11-8a6b-000d3a2ee5c6,R+AA9snIgvoOqegVs/cfrZ4GHfxp+5/4gB50DA0cZEaAdoJ2XsYPa+OSUkdCUtHD3UuR41sUkgVQEGD1R2blhg==,11/14/24 12:17,VIU - Datos,Solicitud Gestiones,Tutoría,Acompañamiento en prácticas,CAT-03774,,
21d62592-9d41-ee11-bdf5-000d3aa90776,bp2jG4NMRuLBAjiGsulto/EfxC8BochccqvCTjc0AajekHVqFvEgJpYQN6Cz4XcvQT7qGn3OCFM7QLFaoxX9xQ==,7/17/24 20:40,VIU - Datos,Acción Proactiva,Matrícula,Acompañamiento en la matrícula,CAT-02264,,
02b00652-1c48-ef11-bfe3-000d3abbcd25,4ZExpDm1djs4IYPe33cZS0ieLhq4vJUClBSAaSNu2Bj+3wgDZkl0rU+s5JDEmP28Eo0BaGG0B5wYNQDOBrGhsQ==,7/25/24 7:06,VIU - Datos,Queja,Matrícula,Acompañamiento en la matrícula,CAT-03379,,
4dd52592-9d41-ee11-bdf5-000d3aa90776,XPOqsVvz8SlHYwWx7SEwoSIksIRBMOt6ICaSfzdQVHmIIPfJ3SQFvwDL5qt5yIqXyG2/RaIDBSuYFxdAlfxPHA==,7/17/24 20:40,VIU - Datos,Solicitud Gestiones,Prácticas,Acompañamiento en prácticas,CAT-02158,SI,
63e5614e-82a2-ef11-8a6b-000d3a2ee5c6,xeTT/p/mzcJhBboUsapWvyadyFlvlrmbUu2ajIRVmRk8hZcoTUHn4fb9EqUlawl3+9K10WZQaWdRbfJdzL5dVA==,11/14/24 12:17,VIU - Datos,Incidencia,Tutoría,Acompañamiento en prácticas,CAT-03756,,
75e5614e-82a2-ef11-8a6b-000d3a2ee5c6,/QJlnJ3EX5yQ0JplRLaOwgFhCR/iS/feWPD5IXMIU89yk1qOCCrsME6w3LjEAQjQ2m4Hug607BTCCRxzJyswwg==,11/14/24 12:17,VIU - Datos,Informativa,Tutoría,Acompañamiento en prácticas,CAT-03765,,
25d52592-9d41-ee11-bdf5-000d3aa90776,jVcfPCe92lj2v/XIPoK819mcXJeHcR2Etx8I2e7B6lBzW1Tvc2Q+tU2Ku54+cP/4XrmhszG2JlCqPLL1fhHBxw==,7/17/24 20:40,VIU - Datos,Solicitud Gestiones,Evaluación,Actividades y exámenes,CAT-02138,SI,
ade5614e-82a2-ef11-8a6b-000d3a2ee5c6,p2xr5gAsf1NDnnJmVBMExRgp6blOBBCsSCuypH8tpk+SWxVShT0I4QHhDWsjlUcVoI8QQizlHQaN1s78ShvDLA==,11/14/24 12:17,VIU - Datos,Queja,Tutoría,Acompañamiento en prácticas,CAT-03792,,
58d42592-9d41-ee11-bdf5-000d3aa90776,aqu3ro+fwPL9G3KpjgMPw0vivTgz+MW8hQG3lkAQaqMrOaYLk3Vl6oIZLbLEB6hK8IjV750CH/yJbWwhuzobzA==,7/17/24 20:40,VIU - Datos,Informativa,Prácticas,Acompañamiento en prácticas,CAT-02036,SI,
d2d42592-9d41-ee11-bdf5-000d3aa90776,MfTiLR220JH1yF74eYC+96sZ0Pn+ENAqlFvAUHIlS9S02MIAP08bMHkiTUm4u4I99sN1HLiqghO03G+xQPXrmw==,7/17/24 20:40,VIU - Datos,Incidencia,Prácticas,Acompañamiento en prácticas,CAT-02097,SI,
3fd52592-9d41-ee11-bdf5-000d3aa90776,mDGHAqPHvGn7FfQMkNCNQKHSpjLLnmUYp+He/WvXsSpvgV5mnLO5Nns+UszDOO+xou9K0LeeXKD3KpHMWU+x/g==,7/17/24 20:40,VIU - Datos,Solicitud Gestiones,Matrícula,Adelanto de asignaturas,CAT-02151,,
41d62592-9d41-ee11-bdf5-000d3aa90776,+9Jecmc8UyDh+P7xo91m8qoXqIZUQ+9Dhipa2KHKzsOxlWJCjydHj+pLFDLxD4zcWKhV3O6Wk6abkwYbrvLRYg==,7/17/24 20:40,VIU - Datos,Acción Proactiva,Prácticas,Acompañamiento en prácticas,CAT-02280,SI,
22b00652-1c48-ef11-bfe3-000d3abbcd25,J/kot+gQTwBNxSwpjOotrb6tqVGLYH4dSPk/XQGRPelmgqZ6Ucz2udhBinvnXkOzT4xPMoNMchxs3c8/g+Z8UA==,7/25/24 7:06,VIU - Datos,Queja,Prácticas,Acompañamiento en prácticas,CAT-03395,SI,
a27d7b98-7da2-ef11-8a6a-7c1e524ec754,ec4P0s/aA/n0JsSHfIyuLo+maEgO5gJD40QYS9uJrxTK25Di2JC0UVkY6AFKMCQRXDrru0YJ45JV3AOFzDe2XQ==,11/14/24 11:43,VIU - Datos,Acción Proactiva,Acompañamiento al estudiante,Acompañamiento específico,CAT-03725,,
30d42592-9d41-ee11-bdf5-000d3aa90776,0cDC48kGoFpTMbJEvGj3IUQG9qA9+LoAXKQerq5Zq0ke+fKg2H4F5xwKtAsXUFxhFWdYss3ddW1MTDwI2NgUBA==,7/17/24 20:40,VIU - Datos,Informativa,Evaluación,Actividades y exámenes,CAT-02021,SI,
aad42592-9d41-ee11-bdf5-000d3aa90776,fNY2qCWQv7iizVyK3p7fsPyvSjNPtKsjYF2XzTbDp+vt0RXwldX9vwpNpQiJfAuQsh9O0UIjXdDLG5lzLXst9Q==,7/17/24 20:40,VIU - Datos,Incidencia,Evaluación,Actividades y exámenes,CAT-02077,SI,
57d52592-9d41-ee11-bdf5-000d3aa90776,qlcgF1KMSnBO59/ZxxnM117d/+Xtr72UPOB75tHo5kYFBiK0rP+cMJaRGSCVzN21waxZfdvpmgOImxQagFQ36g==,7/17/24 20:41,VIU - Datos,Solicitud Gestiones,Reconocimientos,Alegación sobre reconocimientos,CAT-02163,,
19d62592-9d41-ee11-bdf5-000d3aa90776,XK1NABm1txvzglbT8Zzd5aVNB+SVBCxF56EQSBIPXdy37iOWqYqa4Jy8XHSX5BqgwKjD+3v4RGfYH7Ds/Y+37A==,7/17/24 20:40,VIU - Datos,Acción Proactiva,Evaluación,Actividades y exámenes,CAT-02260,SI,
f8af0652-1c48-ef11-bfe3-000d3abbcd25,JVMMzMVqfktOShmln0GcsVmhcRwfOxd2qSx+PSCW91RyMBM2ZNwgXYRsWiA86vA5c/48HCBf8iJjoq4DhPVSeA==,7/25/24 7:06,VIU - Datos,Queja,Evaluación,Actividades y exámenes,CAT-03374,SI,
4ad42592-9d41-ee11-bdf5-000d3aa90776,8r9rBz5HiCb6fu4R3wX6ybQTqxvGX8414z/xlmGL3LgAnZS8U+idML7yWxHvehU5kAK6vdMvqeVg2WaRVL2dng==,7/17/24 20:40,VIU - Datos,Informativa,Matrícula,Adelanto de asignaturas,CAT-02034,,
c4d42592-9d41-ee11-bdf5-000d3aa90776,0WqVn1o1adrcflVwmOukeEktmwEUSJr6UFrvKV0OhNOiVCkdVn5+t2t6MTJFMjowOcy3+QjujwJkQQOT5nRQwg==,7/17/24 20:40,VIU - Datos,Incidencia,Matrícula,Adelanto de asignaturas,CAT-02090,,
2fd52592-9d41-ee11-bdf5-000d3aa90776,WpeslEnwXlYK7JGyzPrC7OVqw1cXECQX2JxHwNdUOalPAxiXFAsFlJe/psHOwwkFnY/Nyb8C8lQSHGAZoxXf8w==,7/17/24 20:41,VIU - Datos,Solicitud Gestiones,Matrícula,Ampliación/reducción de matrícula,CAT-02143,,
33d62592-9d41-ee11-bdf5-000d3aa90776,m8mEhhiYI6WeFWfOQv7Ee6ZGk1VhYkMjQKDeCPjKar3c63xUaGAwXAP7+6QuoyCa3Y+ixlWhZ4ZJNfXRqAE61w==,7/17/24 20:40,VIU - Datos,Acción Proactiva,Matrícula,Adelanto de asignaturas,CAT-02273,,
04b00652-1c48-ef11-bfe3-000d3abbcd25,BJ5LgMVR1S4eQ1z2xpjJnFkWA4EQMT8pNc1ttSJf0CvjE4lQhOB6kfbpklIAE7AGd1p1E9SVLOe5J9As9lu0pw==,7/25/24 7:06,VIU - Datos,Queja,Matrícula,Adelanto de asignaturas,CAT-03380,,
31d52592-9d41-ee11-bdf5-000d3aa90776,hkUZMKwhYIbh1/zkZDvubggSy9BdR72k7Q3K2y1o0mtdZmEs02x54RdL4IL9X2cZJUXqvJ728UaOJI4HtCiN7g==,7/17/24 20:41,VIU - Datos,Solicitud Gestiones,Matrícula,Aplazamiento,CAT-02144,,
62d42592-9d41-ee11-bdf5-000d3aa90776,WGnFXu6gwqdM9J+W6va9HCtGfPhsY7aM/El8bHNy4jCpmNmw/gORYOKRlfqPhYeiPs6jyjBNzbb2Qgjjcs9YEQ==,7/17/24 20:41,VIU - Datos,Informativa,Reconocimientos,Alegación sobre reconocimientos,CAT-02041,,
dcd42592-9d41-ee11-bdf5-000d3aa90776,GkZsjXBoGMnqzSnzRkAVGZEieilqzxBrtSOuVFrs976wXQ4/0ODmY9+1i/mbB38afUvWLEQGWGRYnOS/pV6iNQ==,7/17/24 20:41,VIU - Datos,Incidencia,Reconocimientos,Alegación sobre reconocimientos,CAT-02102,,
63d52592-9d41-ee11-bdf5-000d3aa90776,dofskA1mIWiJEEb/O3cTkeVCcwUsvNstM2tknN5zPxKZV3muZxfxbDbTtW2Xu7DXGiMqIKZjNuh6JmkOQDdcLw==,5/27/25 8:01,VIU - Datos,Solicitud Gestiones,"Servicios, sistemas y herramientas",Aulario (Blackboard),CAT-02169,SI,
4bd62592-9d41-ee11-bdf5-000d3aa90776,Y7/Pms9nO2raIH1L+VUQCryD49gX6G9OdyKFGag/wL3xa3k34buT7ZQSLotOPSQuUpcUPbDfNEa+uXGD/J1a0g==,7/17/24 20:41,VIU - Datos,Acción Proactiva,Reconocimientos,Alegación sobre reconocimientos,CAT-02285,,
2cb00652-1c48-ef11-bfe3-000d3abbcd25,OLVqtFMW9xS101TFRnJ3nsaIs9fDjqIZBUkVA+x99uGj+MRRzbIAopiiCipA8qZTiKpK4F/1EpHbykZ8qXqu3Q==,7/25/24 7:06,VIU - Datos,Queja,Reconocimientos,Alegación sobre reconocimientos,CAT-03400,,
3ad42592-9d41-ee11-bdf5-000d3aa90776,yQZ2uELW2h2TYm+TsMddlsZs2irIg/4ZA06ti5U0xlBzvpqDYNDCie7A3HxtYg4wrEi3bFOFNdISFSYq+qY4EQ==,7/17/24 20:41,VIU - Datos,Informativa,Matrícula,Ampliación/reducción de matrícula,CAT-02026,,
b4d42592-9d41-ee11-bdf5-000d3aa90776,PZAqjxfBdPDw71M8U9BBpYVA5TCJyD/6x25d7TTqA10AA2QCzzhpoPnJg84LkVCjFOcNmreNTBYGlwwOKKMH5Q==,7/17/24 20:41,VIU - Datos,Incidencia,Matrícula,Ampliación/reducción de matrícula,CAT-02082,,
13edbbd8-452f-f011-8c4d-00224884631a,WzNrMdKdrDSBd22/I+jufxGL97Kko0DnhALrYQw1xAuHFpdRis0nN/EQH/HzNzmQPBk2UppwBniL438mEHfTnA==,5/13/25 12:07,VIU - Datos,Solicitud Gestiones,"Servicios, sistemas y herramientas",Aulario (Blackboard)- Claves de Acceso,CAT-04290,SI,
23d62592-9d41-ee11-bdf5-000d3aa90776,VuxRx+7ktjKfFA3ISbq21W4ciFZCJ2Y0Na5XA/RIJn1jcoLSPOB1DtQ4Nx5CrsPdzb0SmFVwE3Faomego6cJBw==,7/17/24 20:41,VIU - Datos,Acción Proactiva,Matrícula,Ampliación/reducción de matrícula,CAT-02265,,
06b00652-1c48-ef11-bfe3-000d3abbcd25,8d02rBS6JkhZBR/kjMGQfE3QkikC+rSRKFNXEQfv39kacQJ5P3FQIwiF3hfVRSWaGEulCVVYMj97+3Ab0sAaxQ==,7/25/24 7:06,VIU - Datos,Queja,Matrícula,Ampliación/reducción de matrícula,CAT-03381,,
3cd42592-9d41-ee11-bdf5-000d3aa90776,7B4LnJEah6s4yvjgqK0M65dmuxbPXDXrnrdve9JE3SHxvUWcs72Q9gfQNSrxxsMF1PDGAZgC6pezVTckiMp+cA==,7/17/24 20:41,VIU - Datos,Informativa,Matrícula,Aplazamiento,CAT-02027,,
b6d42592-9d41-ee11-bdf5-000d3aa90776,wem71aX9QdlUyRB71hV/6ehDnOyBGoX/0AO2E33ySUP2sUboyhvgu0MHpiJjEdnD3JHkEdaxd+BKkiJMMLLw9A==,7/17/24 20:41,VIU - Datos,Incidencia,Matrícula,Aplazamiento,CAT-02083,,
19d52592-9d41-ee11-bdf5-000d3aa90776,aJp9WYs2aM1ZqPEH3hUR/cd8phmteudg4YOhgYwEZmwJYjNPMjYtLvHqCGwKRaWJy57+WXuod68X4q1CF78cKg==,7/17/24 20:41,VIU - Datos,Solicitud Gestiones,Becas,Ayudas al estudio,CAT-02132,,
25d62592-9d41-ee11-bdf5-000d3aa90776,mXK3VhxA/qb+Xn9Qb35yWB1xZ1j4HgjpNq8vWskDz3E9v3Ifhs2W1lk/6MFkD/kknBMenM2ZxJzQyBTj55DJTw==,7/17/24 20:41,VIU - Datos,Acción Proactiva,Matrícula,Aplazamiento,CAT-02266,,
08b00652-1c48-ef11-bfe3-000d3abbcd25,ZODtyry5X1GX2e21ujNeFwn5GhAw+X16gC4p1pJd0g4u6tboKL9dVchigo78tnxpHVVcEm7abw1/V9XRXDyriw==,7/25/24 7:06,VIU - Datos,Queja,Matrícula,Aplazamiento,CAT-03382,,
6ed42592-9d41-ee11-bdf5-000d3aa90776,ZzT1t4qrBa0PuGWuPRbZ2xNFJlFgG+dW5t82hfZ+tErISVNrUYzVHePMTtVtY51+3FOpO9Qo64RT3e+BFqR78g==,5/27/25 8:00,VIU - Datos,Informativa,"Servicios, sistemas y herramientas",Aulario (Blackboard),CAT-02047,SI,
e9d42592-9d41-ee11-bdf5-000d3aa90776,fp1ydoeXP6OXeM3h+Tv7QVvc3RMp1ntADarU55ugHgb8Lkdgk6E5/Rn/1eneNW8x2+ALQNeAQiqjkDwKHQuUKQ==,5/27/25 8:00,VIU - Datos,Incidencia,"Servicios, sistemas y herramientas",Aulario (Blackboard),CAT-02108,SI,
6bd52592-9d41-ee11-bdf5-000d3aa90776,4BlQ+cGZRRUQy5+PbjgDa20T/Jxa3vh7DJD6c+b2wG7uspMMqL6oxAV+XvtjV56XM91bWE8gsfuoIH8fnnioCw==,7/17/24 20:41,VIU - Datos,Solicitud Gestiones,Solicitud baja/cambio,Baja,CAT-02173,,
58d62592-9d41-ee11-bdf5-000d3aa90776,8dEr7gwIzx8FgDxd2Md+Ux+zGvIa8JKzTKyRrLKjiMRKjqmX/CxHxhbZjNTAB4gXNXLgacNMW8+8QQGWOSY1rw==,5/27/25 8:01,VIU - Datos,Acción Proactiva,"Servicios, sistemas y herramientas",Aulario (Blackboard),CAT-02291,SI,
36b00652-1c48-ef11-bfe3-000d3abbcd25,WKTqUa8xTtjHGAJazb9crpIeLJAMepyTCG1WYd6iX88lbBC98dTVEj9yBh5wpbiBiM88zmyj0JQItBSvxQFR/A==,5/27/25 7:59,VIU - Datos,Queja,"Servicios, sistemas y herramientas",Aulario (Blackboard),CAT-03405,SI,
556fafa0-cb97-f011-b4cc-7c1e5260d858,TqL+iH7otVKOqbR/+8peZdafpi7KwUsUUg0NLYVtJVfRXHlaZoNb/9/E5rUFmuJD82iEuN0r/J/L0bf4/WlAeQ==,9/25/25 9:29,VIU - Datos,Informativa,"Servicios, sistemas y herramientas",Aulario (Blackboard) - Contenido,CAT-04615,SI,
d077c7eb-cb97-f011-b4cc-7c1e5260d858,F2zAspa/fGejjU8i6iGmfdN2+M+iqD2YVw54rjEpTbmxsQo/udaUcu/9iVgCB5p2iU+BG0vYqoHi/VUKkwBrzg==,9/25/25 9:29,VIU - Datos,Incidencia,"Servicios, sistemas y herramientas",Aulario (Blackboard) - Contenido,CAT-04619,SI,
cf2f23fe-cb97-f011-b4cc-7c1e5260d858,iwojmh4bzIiRTteSs+bcWsL2I+GXWftep0LDMcSClrCxwnEvAxDAV0kAJO94viaYmT1VFy+3flP/IMFo+luXnw==,9/25/25 9:29,VIU - Datos,Queja,"Servicios, sistemas y herramientas",Aulario (Blackboard) - Contenido,CAT-04620,SI,
cc5d0e68-cb97-f011-b4cc-7c1e5260d858,21yfLhGARlkDdSTanbRj0J9b7xfkrjy63Cs2JpQx6K1FfyNRDANQVNT2GyLGyFjD0sn6P3OXsIGzgoli2hXwnA==,9/25/25 9:29,VIU - Datos,Informativa,"Servicios, sistemas y herramientas",Aulario (Blackboard) - Debates,CAT-04612,SI,
c394d7bf-cb97-f011-b4cc-7c1e5260d858,kh0jwbo1uDkmoBqis3piMSW2mOBmh2t3mCna+j3OhnWwgNvIKhj30+QWNCL3ZhqMq76JVI8E/QwXh3L5+0g46A==,9/25/25 9:29,VIU - Datos,Incidencia,"Servicios, sistemas y herramientas",Aulario (Blackboard) - Debates,CAT-04616,SI,
9e23460a-cc97-f011-b4cc-7c1e5260d858,gPTbx9FEWRel+EvlolE0EqPUCeRoa9bblFYL+CMA0ifGvYsqRnvtWutLwJHe6PeUtEwUn4/mqWE4DZRExrzRVw==,9/25/25 9:29,VIU - Datos,Queja,"Servicios, sistemas y herramientas",Aulario (Blackboard) - Debates,CAT-04621,SI,
654a0674-cb97-f011-b4cc-7c1e5260d858,7YhNN/ezneFB0ANgW/tYLGFQspeJi5h8fxOr1MFYmanfXcMcpvAZt0XAPLDlDvS0H8XIDdjtxzmKzrLKmdq82w==,9/25/25 9:29,VIU - Datos,Informativa,"Servicios, sistemas y herramientas",Aulario (Blackboard) - Grupos,CAT-04613,SI,
86643bc6-cb97-f011-b4cc-7c1e5260d858,hQZp+Bk3qqdZehUPqps9IsCPAmYnexFk4zwSl/WT0tSZAbdCo5qnXnN+tRO2crTSAhDna0V7ERFLO3NFR6fpYQ==,9/25/25 9:29,VIU - Datos,Incidencia,"Servicios, sistemas y herramientas",Aulario (Blackboard) - Grupos,CAT-04617,SI,
ff686111-cc97-f011-b4cc-7c1e5260d858,xuWYesdQlKTceMyGWabGPuNDmt74QFch2tBee6uak+VQW6OyUGiN/VvYYBbkHE9/UeeFFdn6VbEws9Oh/k76wQ==,9/25/25 9:29,VIU - Datos,Queja,"Servicios, sistemas y herramientas",Aulario (Blackboard) - Grupos,CAT-04622,SI,
7cd52787-cb97-f011-b4cc-7c1e5260d858,O0lEIHkf0dETg8o7uJZJZwaeKUJBdHCMsHnOY7Vk5JKy9ZGKW/Ulz37Dm4C/xsDsXdjdDePHy2iQmgUiuNTjhg==,9/25/25 9:29,VIU - Datos,Informativa,"Servicios, sistemas y herramientas",Aulario (Blackboard) - Videoconferencias,CAT-04614,SI,
07ad26d3-cb97-f011-b4cc-7c1e5260d858,Il5YvQs9DViNaC5y5G3PrdTrhtidKevzR+0vJo74KRZv5+6zd+QHG2TMlxwRu7d7+/WdSFiBwVB7TlOKy7Iu7g==,9/25/25 9:29,VIU - Datos,Incidencia,"Servicios, sistemas y herramientas",Aulario (Blackboard) - Videoconferencias,CAT-04618,SI,
ca766723-cc97-f011-b4cc-7c1e5260d858,5sXrkJ7TbZyIjBcjxsIPLBsquE2rzgl/gHstjyC3IJn6EvireNJXajpbeIO2cC7V6leGm4A0icS+Dk6yEDfWfw==,9/25/25 9:29,VIU - Datos,Queja,"Servicios, sistemas y herramientas",Aulario (Blackboard) - Videoconferencias,CAT-04623,SI,
5ed9ab76-452f-f011-8c4d-00224884631a,xzB9hB7wCctELSM7xxD5P77QcPQDdlhxBqMOQCsERRk1Vy36XluZcsz5yIunnixjFViiUdXW4lRKt6Ys7LE+0A==,5/15/25 10:44,VIU - Datos,Queja,"Servicios, sistemas y herramientas",Aulario (Blackboard)- Claves de Acceso,CAT-04288,SI,
0dab7bba-452f-f011-8c4d-00224884631a,6GGKsKHVieXwCRaNqDV5zKSL4hU/vhZiL4XwmHSAIL5njqtkxLz20o8pDR20545MOzMhfBZLfqJ4dVqdWJw7VA==,5/13/25 12:07,VIU - Datos,Acción Proactiva,"Servicios, sistemas y herramientas",Aulario (Blackboard)- Claves de Acceso,CAT-04289,SI,
17d52592-9d41-ee11-bdf5-000d3aa90776,EuS5xgYIkTZwTfHccj9Qan5/Cy3GAbPuJRyQRM7rRpC6mP2vUij8Ancqd378RoznLt8UNYWtyPUfN7Nsikzd/w==,7/17/24 20:41,VIU - Datos,Solicitud Gestiones,Becas,Becas internas,CAT-02131,,
d624ca23-462f-f011-8c4d-00224884631a,Er9iD6mJT4oD/2PkPaSloYYWkaDPOdQezsQbtrByfX6wqcrhQAeeorMSroS0eO1uvkoSIbz5R8pF+0MgpAV0Gw==,5/13/25 12:07,VIU - Datos,Incidencia,"Servicios, sistemas y herramientas",Aulario (Blackboard)- Claves de Acceso,CAT-04291,SI,
51c13468-462f-f011-8c4d-00224884631a,lxDU+r1TtDtLUIfKNSiLg/nuklTMRu1koXByNMsIA9NhHHRcHkkrCR9Fm01tezQkPldNaDuN5SX3PKZxHtq0GQ==,5/13/25 12:07,VIU - Datos,Informativa,"Servicios, sistemas y herramientas",Aulario (Blackboard)- Claves de Acceso,CAT-04292,SI,
24d42592-9d41-ee11-bdf5-000d3aa90776,k6CtjOaskvpHmJU1G2mTzQJ/6fkx8FtEITw4gVmeArhEFRN1SU1Rq2ZfFNd/sTh+7OEUSyrV4EnpZJ2rc9Y8vg==,7/17/24 20:41,VIU - Datos,Informativa,Becas,Ayudas al estudio,CAT-02015,,
9ed42592-9d41-ee11-bdf5-000d3aa90776,ITl3QmQ2TcMXqY8Lrxt/FQmqv0+fLGj+vaXHVW9aDZJsEivtiXk2MLOFZg5pPw/2NAz4qO8MZ8x31XYWe5PmpQ==,7/17/24 20:41,VIU - Datos,Incidencia,Becas,Ayudas al estudio,CAT-02071,,
15d52592-9d41-ee11-bdf5-000d3aa90776,RCoq7gErPYpNA7l7jaWAzp4WzE7HiWi1SH7hYpRsDaigmyZCXwdBaflCczB6IPb8D9DeO+/RxSo+wAWRcEF9xA==,7/17/24 20:41,VIU - Datos,Solicitud Gestiones,Becas,Becas oficiales,CAT-02130,,
0dd62592-9d41-ee11-bdf5-000d3aa90776,D6Foq94isxLayWFugjEXGoY2zdghH7PxPWbQHamK5SFb71xrp57oa3XHCjCN3t/8r7bWl/1NIlUC+ic2DaDy7Q==,7/17/24 20:41,VIU - Datos,Acción Proactiva,Becas,Ayudas al estudio,CAT-02254,,
eaaf0652-1c48-ef11-bfe3-000d3abbcd25,OSi3ZbGNNxfb4nfE8/lavS6QRp/GvWyz0/I+F39jwmY0Bq+7OdvZo6i8Bq1fxrK7oTcGTCUHiVA2/PfbClMq2A==,7/25/24 7:06,VIU - Datos,Queja,Becas,Ayudas al estudio,CAT-03367,,
76d42592-9d41-ee11-bdf5-000d3aa90776,GeWlkMASOBbXSZG6RiWn35GdaHxHs3tUoDtlgcOXSpDnlZ/dzyyFOZXjEEB6IYb0khZqBndOKoFn0XCin9JVNA==,7/17/24 20:41,VIU - Datos,Informativa,Solicitud baja/cambio,Baja,CAT-02051,,
f1d42592-9d41-ee11-bdf5-000d3aa90776,YqzzeFvJhR40SL2b8e5YEjaO1IP7zWZnO7+PgtKFAlQq2QwPlwvSbfXOfedVhRG/nkuVjid8J+aoGHDz37212g==,7/17/24 20:41,VIU - Datos,Incidencia,Solicitud baja/cambio,Baja,CAT-02112,,
61d52592-9d41-ee11-bdf5-000d3aa90776,sSmtfnbuHveWK/qCwAg5U9X5vPTvlZ10mF40lvbY1Hify+hEerkLNhVxbP7Pt/EeBE92eC2fWr8A0x3Sm0ffww==,7/17/24 20:41,VIU - Datos,Solicitud Gestiones,"Servicios, sistemas y herramientas",Biblioteca,CAT-02168,,SI
60d62592-9d41-ee11-bdf5-000d3aa90776,7D3jr5arzpy9VDzSfdOOOjcgC/SwWx+LE+etnvtWJUOUVWrltGX7AiVnXBsLfH/NLf4VUEMhOP4J4GfIOpUQFg==,7/17/24 20:41,VIU - Datos,Acción Proactiva,Solicitud baja/cambio,Baja,CAT-02295,,
40b00652-1c48-ef11-bfe3-000d3abbcd25,5LqQupGFW/EQVYaf7yrV18sXyr4AiSqDxDYJIVJtzQpXB+XWsOyPiY7WjAGSUNr3WUS348RhZHrR2GlNE22NmA==,7/25/24 7:06,VIU - Datos,Queja,Solicitud baja/cambio,Baja,CAT-03410,,
22d42592-9d41-ee11-bdf5-000d3aa90776,Q5Nqx6dNsUsvhJcaOwDcUgVTLyu/dCAY/ZZrkhrX2GjfjyUGKnNovYNW6iZJiECna7nFp9SCE/16QTrp+p0QFw==,7/17/24 20:41,VIU - Datos,Informativa,Becas,Becas internas,CAT-02014,,
9cd42592-9d41-ee11-bdf5-000d3aa90776,XrA/jOH2OuNlNcmDE/7RifZ9tn73EUIfPByLRfsSTDSrIxBaMlnpNY2ougQ77wqxsO/muJSSFhj7DX1bEr8jPg==,7/17/24 20:41,VIU - Datos,Incidencia,Becas,Becas internas,CAT-02070,,
83e5614e-82a2-ef11-8a6b-000d3a2ee5c6,k5hZjBNseEg6NU5XWrEU/W6cUMYbNzUP1h+hH8PT13em8ktnl13CeTpKGgnuKFynyVvY6BDqt1SrMkDAfUzPMQ==,11/14/24 12:17,VIU - Datos,Solicitud Gestiones,Tutoría,Calendarios,CAT-03772,,
0bd62592-9d41-ee11-bdf5-000d3aa90776,anEMLk6U9kTlby8sf5frMb0DkqCV7tuOzS/r74BdIBG/iGKbRfc3RaZdSPzhk6hxaWSYRQXZh8mPeepJ5YmeYw==,7/17/24 20:41,VIU - Datos,Acción Proactiva,Becas,Becas internas,CAT-02253,,
ecaf0652-1c48-ef11-bfe3-000d3abbcd25,1Ag3dkUKBFrkYMWa+gOETGBVedL55YZnaxvPKSAL7oOBPss71lOLa6gF7f4u3jEs3+KzuKoL2jKURGxCLo7qKA==,7/25/24 7:06,VIU - Datos,Queja,Becas,Becas internas,CAT-03368,,
20d42592-9d41-ee11-bdf5-000d3aa90776,sbcVlMd93pNPaaL6Ey2IvKzZVeojujD9/uCI7Siz3a8hpGyx/zkhBx9m4PzXkHxdmyU6rCemwMzm21PpkKq+Tw==,7/17/24 20:41,VIU - Datos,Informativa,Becas,Becas oficiales,CAT-02013,,
9ad42592-9d41-ee11-bdf5-000d3aa90776,kHrWVog24mx1k8j4P8LovGz3n+USyjzEpzCU6ReleYh1wPeVt+7Y4d9cViNn1AvVRGKWZLa97WAIAEV5DBR7uA==,7/17/24 20:41,VIU - Datos,Incidencia,Becas,Becas oficiales,CAT-02069,,
05d52592-9d41-ee11-bdf5-000d3aa90776,IrEDuNWUa5P7LGhdxOlcSyLY032tcr+6lSPlUCt1dIgOyZYxM466ERl+dEoUqxyzgEs7ig44t9+6K2A3qpAQLQ==,7/17/24 20:42,VIU - Datos,Solicitud Gestiones,Académico,Calendarios,CAT-02122,SI,
09d62592-9d41-ee11-bdf5-000d3aa90776,WawCP2E6rPO/3l42jk5/k+Hc8tcrPBDgnd39YsxGUelILYKY5ARpwqGCIcnoqTlxECpXpqrDhTpdo+RCtOLzwQ==,7/17/24 20:41,VIU - Datos,Acción Proactiva,Becas,Becas oficiales,CAT-02252,,
eeaf0652-1c48-ef11-bfe3-000d3abbcd25,jziI9NKb5V3NO3lpCITWNPyf8ImEtRvF4GMg85SkukfKGwXTsJILt9/mV8eiPJWOKCWoX6UHdDszmNaTn2CJ3w==,7/25/24 7:06,VIU - Datos,Queja,Becas,Becas oficiales,CAT-03369,,
6cd42592-9d41-ee11-bdf5-000d3aa90776,HL1T6S7x+yHsm1fJeDJoMxzrUJ5oH0VWLIwe35pmd/5YdrpEl1FSgJWDLTXVYvd9mGzfrAi7PjyZljIFDUzqlg==,7/17/24 20:41,VIU - Datos,Informativa,"Servicios, sistemas y herramientas",Biblioteca,CAT-02046,,SI
e6d42592-9d41-ee11-bdf5-000d3aa90776,HbXPhf5aPfw69jGdZydtgTWVMBiBsHTw3kyH1svVASQtWHbSr6kiki3u2ehvEXospAQHPHJY4L7IjI1l4u6+0Q==,7/17/24 20:41,VIU - Datos,Incidencia,"Servicios, sistemas y herramientas",Biblioteca,CAT-02107,,SI
23d52592-9d41-ee11-bdf5-000d3aa90776,sb9H3auqprSbZSr0eJUqKNCJXXrTdOioiibmrt+YG56eJJiFrmMLaAjXER/T3qdcVN9HpC8f92jAGIRhcPQZxQ==,7/17/24 20:42,VIU - Datos,Solicitud Gestiones,Evaluación,Calificaciones y Actas,CAT-02137,SI,
56d62592-9d41-ee11-bdf5-000d3aa90776,7jO/3nUO6VirxfKk4QmxIswUn37hBmnYONnifqQPSOm9V7LcW2PT4Yh6hkndGhkUwWk99uBtxo4pd7qdrlloxQ==,7/17/24 20:41,VIU - Datos,Acción Proactiva,"Servicios, sistemas y herramientas",Biblioteca,CAT-02290,,SI
34b00652-1c48-ef11-bfe3-000d3abbcd25,Ty4dngxsBZkwnnUS9bxd7F1LP5YFKsC6kkh5wOdvL4jKogscB9VHUhPHVy/4Ahyd0uTrh8duyQa3SKO7ZKgN+w==,7/25/24 7:06,VIU - Datos,Queja,"Servicios, sistemas y herramientas",Biblioteca,CAT-03404,,SI
33d52592-9d41-ee11-bdf5-000d3aa90776,ulHMfwlpsqNQD7Yu+LN7K99XKC4SeH8bFfRiWRjEGmMEgQb3C+eihUuD+aHqBitYCUZAQKbkJULv/oos38wHuQ==,7/17/24 20:42,VIU - Datos,Solicitud Gestiones,Matrícula,Cambio de datos,CAT-02145,,
5fe5614e-82a2-ef11-8a6b-000d3a2ee5c6,fZizAU8JXPGYo2Q924wOqejUc0YXhy4inYJCebxMFPWGlbwjJOxYUIqnyqCSd5Y6mNhjXaqWTHlGrsEa6srOvA==,11/14/24 12:17,VIU - Datos,Incidencia,Tutoría,Calendarios,CAT-03754,,
71e5614e-82a2-ef11-8a6b-000d3a2ee5c6,ICXP6IXvidoN1xgaD7DtFZN4CTgkXTCnKYn0KaJjKhPOAKU6k+BFq6VofH2jHrT4bSmpJqCAmjfwO4P3g1HpKg==,11/14/24 12:17,VIU - Datos,Informativa,Tutoría,Calendarios,CAT-03763,,
35d52592-9d41-ee11-bdf5-000d3aa90776,7h/usieHwi60PqZrcGrby4/K7W2RaP6U/Hg2SoufU4d8SYvA5a80Obcxf7iPmBHPuLeF22JCSBvXQA4lrlsE7A==,7/17/24 20:42,VIU - Datos,Solicitud Gestiones,Matrícula,Cambio de grupo,CAT-02146,,
a9e5614e-82a2-ef11-8a6b-000d3a2ee5c6,tgmLwe+AsajQX64sBWSb8qUUqJGwB48029fuoaOno+DdPVxQ3nWLbua5lDEm2gS6d04T+yrDuAd3cLddcaKizw==,11/14/24 12:17,VIU - Datos,Queja,Tutoría,Calendarios,CAT-03790,,
0fd42592-9d41-ee11-bdf5-000d3aa90776,8gYSXx7vS0P3kK1YCCw2z90UElXBLzkqyiPD5+Qo6vANG4xEuk0HTbtpm5ihvr52eaj+t2BurY4ZuMpTPYsJFA==,7/17/24 20:42,VIU - Datos,Informativa,Académico,Calendarios,CAT-02005,SI,
8ad42592-9d41-ee11-bdf5-000d3aa90776,fUaJYSLosLD4EcTbQPjmEHLOuFlEgDe39Uy7UHQUm322iOkOwPOwZ++ZW9tMI7GGNQc63FVSqC/TK6h8nvhjqw==,7/17/24 20:42,VIU - Datos,Incidencia,Académico,Calendarios,CAT-02061,SI,
6dd52592-9d41-ee11-bdf5-000d3aa90776,deDgao2G3LV0yxKn73/7p+fx2rB/MtWdKI7LduSmzqNahYb36+YCSLfuFqbwGZ9bWj80LP0i0eMGvZOuxB2xfg==,7/17/24 20:42,VIU - Datos,Solicitud Gestiones,Solicitud baja/cambio,Cambio edición,CAT-02174,,
f9d52592-9d41-ee11-bdf5-000d3aa90776,JLMwdJFiE1pOAa1Xkhzw8XvYC3N69Fx3603tz/SZD9kcD+BW6mWYov5tZ8nYB1hpMtEzSZI2+fnKZY/WCukGrg==,7/17/24 20:42,VIU - Datos,Acción Proactiva,Académico,Calendarios,CAT-02244,SI,
d8af0652-1c48-ef11-bfe3-000d3abbcd25,C4IvNlcaX0V0G3BBAeoA/MQ8S/QYvjoVVCz1q0clrt1L64BX8i1cAOHoCltCJYPFcdDFBT4vcZAfqn/2wWIRXg==,7/25/24 7:06,VIU - Datos,Queja,Académico,Calendarios,CAT-03358,SI,
2ed42592-9d41-ee11-bdf5-000d3aa90776,GkpxoBAPx0El1PpwzbFw8odTDYPfW7BqarcDe5gWH0SaZCeLANXKoFt5IW2Yd78r9378gIDoCHWH541ibr8c/g==,7/17/24 20:42,VIU - Datos,Informativa,Evaluación,Calificaciones y Actas,CAT-02020,SI,
a8d42592-9d41-ee11-bdf5-000d3aa90776,De3JGEhgmY551rUTLRwmwn0GJk/Gku91cbi9LMKhuGJdAp63+nAwZn/jp9isuvRsneLgZMwIASZKQX3uBaNQFQ==,7/17/24 20:42,VIU - Datos,Incidencia,Evaluación,Calificaciones y Actas,CAT-02076,SI,
6fd52592-9d41-ee11-bdf5-000d3aa90776,zBnWr++jFQUyz5gw2HelX8sFxiWe54HgAX/wOtWnzZQu+C6FRhMEYjHUZWIQz9QOMSe3kyLIfbQ7ETByKrUbmA==,7/17/24 20:42,VIU - Datos,Solicitud Gestiones,Solicitud baja/cambio,Cambio programa,CAT-02175,,
17d62592-9d41-ee11-bdf5-000d3aa90776,duOhBuy3Q9pungnLjEd4/0atUpesB8Rk9+PTXiF08xy+2cMSJkxlEW5/BNT5H5vsCaA8hXoBtYDsI0xdGDrt3g==,7/17/24 20:42,VIU - Datos,Acción Proactiva,Evaluación,Calificaciones y Actas,CAT-02259,SI,
faaf0652-1c48-ef11-bfe3-000d3abbcd25,9MbyH9kSgryReFDAXqsbVSb5uz4i1F8SwaXygE5O9W7/SdvugeU1L7j7/1yA4y9Mjo+kNil/NI+6V8KA0lupGA==,7/25/24 7:06,VIU - Datos,Queja,Evaluación,Calificaciones y Actas,CAT-03375,SI,
3ed42592-9d41-ee11-bdf5-000d3aa90776,Fk+f+RlfC3kr2QZaazqn1GnaVQFJreaEu1La/BEZHzA7Grz32F2wsTWmOXJPa+7dLuJCW099ucozsfAVq88QYw==,7/17/24 20:42,VIU - Datos,Informativa,Matrícula,Cambio de datos,CAT-02028,,
b8d42592-9d41-ee11-bdf5-000d3aa90776,EJdmec/P9Us2OO6ZNH7aG7heZVjrSeMcLayAs2fy44ilHWAV1xOYzjpneQiFKNCi0YUApdiYi5ScypuWHALopA==,7/17/24 20:42,VIU - Datos,Incidencia,Matrícula,Cambio de datos,CAT-02084,,
43d52592-9d41-ee11-bdf5-000d3aa90776,ULTRNiFaAhVztHhzHF7iJ/rsupBGda1lHISbRV+XNQ6vhfUj5X2ZdI1wowWAifvTpMNVvuc6Z1RNnjIz+qIk4w==,7/17/24 20:42,VIU - Datos,Solicitud Gestiones,Pagos,Cambios económicos de la matrícula,CAT-02153,,
27d62592-9d41-ee11-bdf5-000d3aa90776,o29DyX0LGhOhUBYwCbn5AZslNLOqYBRWqIALZDzv7V9WFIrqzq8PtpxT5cUa5RoxgXoaFKiM2FmDsp2r0TDOZw==,7/17/24 20:42,VIU - Datos,Acción Proactiva,Matrícula,Cambio de datos,CAT-02267,,
0ab00652-1c48-ef11-bfe3-000d3abbcd25,TNKEhR6S5NObLi8mDocFsWIvLfmcCGY2F3A5kEA050G+BnQT+zOGo35uNUsWhzHmeMR0EfgVCXHTtviQdwwvrA==,7/25/24 7:06,VIU - Datos,Queja,Matrícula,Cambio de datos,CAT-03383,,
40d42592-9d41-ee11-bdf5-000d3aa90776,pAAmMg5V0pu4qeQzHYNEebnFZ1utoBUFIxh0tzNaHw/u/G7Agzp9991Xxkz3aBlR583/uMwbGGp84H+V14mBaQ==,7/17/24 20:42,VIU - Datos,Informativa,Matrícula,Cambio de grupo,CAT-02029,,
bad42592-9d41-ee11-bdf5-000d3aa90776,McLmsl1j1P+nxOyzN2PROmy4OOB4R7rbQjS/S4xVXRj7FPWahyl1CSDk/Ej1JByAk9Vk2h0iwDlnFVRDNATL4Q==,7/17/24 20:42,VIU - Datos,Incidencia,Matrícula,Cambio de grupo,CAT-02085,,
1033fa0e-472f-f011-8c4d-00224884631a,tYG8gFG+lW8NHm2ZQFaA7oI8qk4jOciB0L6hKVNIDBbWtXbJR1fxVILzIBuURk0Uv3NllmNjd5C0XfjR8fZH7A==,5/13/25 12:07,VIU - Datos,Solicitud Gestiones,"Servicios, sistemas y herramientas",Campus (DRUPAL),CAT-04295,,SI
29d62592-9d41-ee11-bdf5-000d3aa90776,//+0qq4otwsti6g2uvv+WCzj+Z3+sIlLOiw33h0LeihZnpsVYYbLjZlit2jejcKR6Uy15LhYvvnx1nzwZT2sTQ==,7/17/24 20:42,VIU - Datos,Acción Proactiva,Matrícula,Cambio de grupo,CAT-02268,,
0cb00652-1c48-ef11-bfe3-000d3abbcd25,KDE69Do/G24SNm1gNf1od1uK5oEpBrcceZSmn2BZZHzf0WwbCtqoxd81Pv9RVbsQ1CqwOAio2pYYo0p5RXtMbQ==,7/25/24 7:06,VIU - Datos,Queja,Matrícula,Cambio de grupo,CAT-03384,,
78d42592-9d41-ee11-bdf5-000d3aa90776,d04lZBAo0fjanhYX97zSjfSjsy+Jp62m0EeiHpDpXpSAPwaaAwjzeYrerQirTQ2+VBdmYPfdnyuku8XDgTi5Jw==,7/17/24 20:42,VIU - Datos,Informativa,Solicitud baja/cambio,Cambio edición,CAT-02052,,
f3d42592-9d41-ee11-bdf5-000d3aa90776,fV8XefgvXqHfirC1sqdgHr+c3cnV/roZozNKq5K0Ysn1yyYDq6uyldrazW4sFHkpBLdkpah7VZA1igK1bteGKA==,7/17/24 20:42,VIU - Datos,Incidencia,Solicitud baja/cambio,Cambio edición,CAT-02113,,
4fd52592-9d41-ee11-bdf5-000d3aa90776,o7wislcBmHoodPRZP4JPxCfTWKhl8x8BFU8l3x77jnsndJFt358h72cruWYVd5qXRzwnhIS2tLXr415svC9Nng==,7/17/24 20:43,VIU - Datos,Solicitud Gestiones,Prácticas,Centros de prácticas,CAT-02159,,
62d62592-9d41-ee11-bdf5-000d3aa90776,6utFLoyy+y72kKcZDRoVKEzq1xuiehMkgdF01TYJddEguM4td++jvLX8nDR779Crh3JaPHlS+7NaIj0M9ltZCg==,7/17/24 20:42,VIU - Datos,Acción Proactiva,Solicitud baja/cambio,Cambio edición,CAT-02296,,
42b00652-1c48-ef11-bfe3-000d3abbcd25,H3KuB2/DBjmEW8v5OaKGtqP3nYKqdVEqiE8G2mg6D7Ahz6JE1TyOdO95AcPdfYawAR/lOokbQzt0Q2ua43u9fA==,7/25/24 7:06,VIU - Datos,Queja,Solicitud baja/cambio,Cambio edición,CAT-03411,,
7ad42592-9d41-ee11-bdf5-000d3aa90776,fmCQE7KeBEUX3WGIgoI2c/wSq0DUTRt22uRAzlt2HMWkARCLMedlyZWVshEQ2IoIXQMc73xjkMj+BHTN6jeNlA==,7/17/24 20:42,VIU - Datos,Informativa,Solicitud baja/cambio,Cambio programa,CAT-02053,,
f5d42592-9d41-ee11-bdf5-000d3aa90776,Z2kZniIngClp45zQfWCwAhIw0FsYF17k4aRvAI77nBF01OezojZrSqGs6XTrzrqePH2mNEDYRAyT9O7Zl88Qnw==,7/17/24 20:42,VIU - Datos,Incidencia,Solicitud baja/cambio,Cambio programa,CAT-02114,,
37d52592-9d41-ee11-bdf5-000d3aa90776,cv++bQQI2z7HvTHVqO0N672SmzoFZ3GvkEDdy4uWEA4Q2sB3rRgO85unUZEUBsPdRul+Q5nOtB5nvDgSmsGiIw==,7/17/24 20:43,VIU - Datos,Solicitud Gestiones,Matrícula,Complementos formativos,CAT-02147,,
64d62592-9d41-ee11-bdf5-000d3aa90776,K1Bhzp3k5z4SHWRkStYW81dfKpu2wAntSqJUCJoL9M4ChjauSxqDpZSH3/OWxLJxjwGTFNMWBIXLzgGeczSniw==,7/17/24 20:42,VIU - Datos,Acción Proactiva,Solicitud baja/cambio,Cambio programa,CAT-02297,,
44b00652-1c48-ef11-bfe3-000d3abbcd25,QC2J4z6MCj9ymcUZEXGOst10wKMcIk6lkPbSgOeQy/6V30MgXMdwaLH+tGO0v1RLa595gRavrt8ArWRyBtz7vg==,7/25/24 7:06,VIU - Datos,Queja,Solicitud baja/cambio,Cambio programa,CAT-03412,,
da1f62c8-ab41-ee11-bdf5-000d3aa900f3,pSRahzLKoM80T+nQgDrC54OdxPuB29CbM+MT3twUPCzTKzdNAy2FMvIiJSUnOiqJ7m0ID0GlEBfnVPYEyJQd9A==,7/17/24 20:42,VIU - Datos,Informativa,Pagos,Cambios económicos de la matrícula,CAT-02304,,
c8d42592-9d41-ee11-bdf5-000d3aa90776,DsrDTV9t95AKA3pG7tMZNp8Iw57dMTP7WBKAieUaW5X42fVXMDjjX9tjXK0VZ/G43nCdsjZPpPj6pNFQAoKywQ==,7/17/24 20:42,VIU - Datos,Incidencia,Pagos,Cambios económicos de la matrícula,CAT-02092,,
07d52592-9d41-ee11-bdf5-000d3aa90776,YBlPLjm9EzC2VZla2ThIkuKP6F44RFrPP0sFemZP9a8FL1uH+rp+IBAgtVkeYL1M7Q3+L8T7V2O33VAwac9qXQ==,7/17/24 20:44,VIU - Datos,Solicitud Gestiones,Académico,Contacto,CAT-02123,,
37d62592-9d41-ee11-bdf5-000d3aa90776,vv77l2WZ9P7ly4/m88b/ZPKroaxxOOBmGhJmz2fnc1HhmiHDXgjKlKeN4ZLB8JmPBeo1huVMrp9BYXUOBEL2Og==,7/17/24 20:42,VIU - Datos,Acción Proactiva,Pagos,Cambios económicos de la matrícula,CAT-02275,,
18b00652-1c48-ef11-bfe3-000d3abbcd25,IrADoYWWBBxbCL7c08i2+SIfYF8M6Byj4sQUQyloJOO/HDNtfJsUensa17GC5b/hTBJMrUA1p1lsJkOlHS3X0A==,7/25/24 7:06,VIU - Datos,Queja,Pagos,Cambios económicos de la matrícula,CAT-03390,,
6048e0c8-462f-f011-8c4d-00224884631a,m5Rl64hh0Fiy2ZanhmTo+jhqJjfl4/mSLPaEdtmOXpKVcerJidkckn6iCW4P4TFa9GmJLa1tzwHBm6mcAuaeAA==,5/15/25 10:44,VIU - Datos,Queja,"Servicios, sistemas y herramientas",Campus (DRUPAL),CAT-04293,,SI
d44400f0-462f-f011-8c4d-00224884631a,PSrV9xCKfZLN3IL4kBqlheU8rXlPT5Sbz+tEp0njZAuQbmH7MvCrsgQ8WcvpSj+3lpR0xP3Sy91JB/L/gQd8ng==,5/13/25 12:07,VIU - Datos,Acción Proactiva,"Servicios, sistemas y herramientas",Campus (DRUPAL),CAT-04294,,SI
9f145c5b-259d-ef11-8a69-6045bd9525dc,7zzV8DStpQgB6r1iiZw7hWi9dpsRaOX+0EsEAfPbDEF2Nz989fE7SdChA1mktJ7MlYJBjDxDiMYi/O3hM+3cxQ==,11/7/24 16:28,VIU - Datos,Solicitud Gestiones,Fuerza mayor,DANA,CAT-03716,,
5683733d-472f-f011-8c4d-00224884631a,I9uBIa3SRsmZMt6l8YTs6RcCLMbnQb9RaQ5+XwU3UD5NeUQtU0XNIWeqmdmU/WJJHp/wgm1m2g3JlegQbFVnEQ==,5/13/25 12:07,VIU - Datos,Incidencia,"Servicios, sistemas y herramientas",Campus (DRUPAL),CAT-04296,,SI
7be3af57-472f-f011-8c4d-00224884631a,uz7y7WpYL36V7ZsyTwNflGFq1/s/neLzodqjBXc311kKgY+jriuXlPAq1in77ieRWLt0QKcOjfLqF8zsyqTN+A==,5/13/25 12:07,VIU - Datos,Informativa,"Servicios, sistemas y herramientas",Campus (DRUPAL),CAT-04297,,SI
09d52592-9d41-ee11-bdf5-000d3aa90776,TglZOdkHvLezGg6zyyzfTBasbxqj4d77bKlHRQst54O2RAvRWJLh7hkHvCidignw0v38rcfZfXYEtbDkySQM/g==,7/17/24 20:44,VIU - Datos,Solicitud Gestiones,Académico,Desarrollo lectivo,CAT-02124,,SI
5ad42592-9d41-ee11-bdf5-000d3aa90776,QuoHCVOnnoQxwX/+EOP7IzfqQQUN9waepnEQuWxoBMfUgVtPEFEchRGsy1JGt0okO6Yc5urKKelGVgunQrqvNQ==,7/17/24 20:43,VIU - Datos,Informativa,Prácticas,Centros de prácticas,CAT-02037,,
d4d42592-9d41-ee11-bdf5-000d3aa90776,SAI2VhZd2Qn9IFcikGFVE8o03TEJAH8UtRwLZorGXt+pZXjz30YW0zK5R78GBpfqgVjoEr04mO9Lh+8FO+Oblw==,7/17/24 20:43,VIU - Datos,Incidencia,Prácticas,Centros de prácticas,CAT-02098,,
71d52592-9d41-ee11-bdf5-000d3aa90776,ovDQNqU4R5mJ6bHEXDS5/ByUmHR3FUY2bDvE5mL99PqKqCvfxB2jwEEakdYXN/wHpATApzdnZqacfUZvX5atQg==,7/17/24 20:44,VIU - Datos,Solicitud Gestiones,Solicitud baja/cambio,Desistimiento,CAT-02176,,
43d62592-9d41-ee11-bdf5-000d3aa90776,jgpfK7K3ZNaCU06WmiXREmFjti6+U2uxkWERMaPFCIxoXdlvAIpJC5D4QGtjJeVr77bQw2NHU/JoAgrhA7B3Cw==,7/17/24 20:43,VIU - Datos,Acción Proactiva,Prácticas,Centros de prácticas,CAT-02281,,
24b00652-1c48-ef11-bfe3-000d3abbcd25,pEI2QiSwlhzWLMx1ntYLpPh5CsCeYtpndiAHj2sqQKc0Wcx4Or7uDV4jZvLjI3nNsj8WLjnq5Vv24aNIowyZEg==,7/25/24 7:06,VIU - Datos,Queja,Prácticas,Centros de prácticas,CAT-03396,,
42d42592-9d41-ee11-bdf5-000d3aa90776,HR0x2kX0UFsRz1X+CkDPs4rjGol/2ISI5pDgfLNuah595e80W2dIUFkXSdqk2WMo/Tsglwrm8ACOp1KsufP7TQ==,7/17/24 20:43,VIU - Datos,Informativa,Matrícula,Complementos formativos,CAT-02030,,
bcd42592-9d41-ee11-bdf5-000d3aa90776,bf+pYY2nu0O4l2j/01+3aC9PhdTI8MPJ0FwO97+XUiLa8TvqNWBQEk7PM9u5e3Y41cm6CKSv8Oc3Qu2toxqyVQ==,7/17/24 20:43,VIU - Datos,Incidencia,Matrícula,Complementos formativos,CAT-02086,,
45d52592-9d41-ee11-bdf5-000d3aa90776,BRqRv6brGLIKW8ns9x1lJD7prvmdFD88pn2ltB3BO5hdU8LUS9FfYbjdcgcAPmGtT5zOWN3AjedHA17dMBw+XA==,7/17/24 20:44,VIU - Datos,Solicitud Gestiones,Pagos,Devoluciones,CAT-02154,,
2bd62592-9d41-ee11-bdf5-000d3aa90776,y078FWbOyUjXe5zDTZkkADngLZGBS7oiJPGJ79ETi2pPEuZnsH9ei9m7HzGvOLolZz4L6HMS413hmnDy39GTzg==,7/17/24 20:43,VIU - Datos,Acción Proactiva,Matrícula,Complementos formativos,CAT-02269,,
0eb00652-1c48-ef11-bfe3-000d3abbcd25,KqoY+5gXrsr56v6VmuT4+SKpJXQh2oYVVsd44YfNxOxH25zZGkXt+hUuX0HZen9QnVBzkIes/mSsDAEABcHGYA==,7/25/24 7:06,VIU - Datos,Queja,Matrícula,Complementos formativos,CAT-03385,,
11d42592-9d41-ee11-bdf5-000d3aa90776,4NVU1wA9tMDz1Xtq/qKs5mUB0Cs1puijblI/EsHeLRvKUx6ovs6wb27Iq+QWej0vqL7liv1NAfpnGks3gJC7WQ==,7/17/24 20:44,VIU - Datos,Informativa,Académico,Contacto,CAT-02006,,
8cd42592-9d41-ee11-bdf5-000d3aa90776,Ed6jyZDvCg5iuZZhI48Fh8RzTpwUJNhD+mpSAIDljeXGtSUX9jLwt3wLJfqAGi8Ucbvgnzj0uCro3dx2pQnGow==,7/17/24 20:44,VIU - Datos,Incidencia,Académico,Contacto,CAT-02062,,
8be5614e-82a2-ef11-8a6b-000d3a2ee5c6,N/teOqzRbdLfy2YtJm0PyDGbOCKyJ1gCgO1Y3RZMFEFLWCVO3e4nAhQv8AYyIiKOTnGt4o8aFyR2SzJwMl2W9A==,11/14/24 12:17,VIU - Datos,Solicitud Gestiones,Tutoría,Diversidad funcional,CAT-03776,,
fbd52592-9d41-ee11-bdf5-000d3aa90776,aj9PP/KdnxCLb28+HJDbsaRDhrt2sr6qQa2UnI5Z9MhVhJuJ+cpi+ZVQZkhRlKjfw4OAp24P0DDMY6S8OQV0bA==,7/17/24 20:44,VIU - Datos,Acción Proactiva,Académico,Contacto,CAT-02245,,
daaf0652-1c48-ef11-bfe3-000d3abbcd25,kps1riEZPThiXkSWGNuDTwqn2g2P8g5cWMEqDcFqwpqhXJ1VgiqU4zYFx5Rm46phqN48Ykly5GC4T0SCHr6Mbg==,7/25/24 7:06,VIU - Datos,Queja,Académico,Contacto,CAT-03359,,
2c109753-7da2-ef11-8a6a-7c1e524ec754,p/zzyhnIgz33E3gx7wRToVRRg6YvdPVJAwoeo6jIw7p7pNkO5y+uDOG/0cjgB1FCSdIphWM0ICA5flqq6wr/eg==,11/14/24 11:41,VIU - Datos,Acción Proactiva,Acompañamiento al estudiante,Cuestionario de Autoprácticas,CAT-03720,,
51d52592-9d41-ee11-bdf5-000d3aa90776,hJzLtOKc4qZhd9Di0oEgyOsZpSAEn/ibPtWE6dtqHK0H+KZ14OJOPvPFXSx+XLs8M3MON6AsEcCU7MgH1DzW7g==,7/17/24 20:44,VIU - Datos,Solicitud Gestiones,Prácticas,Documentación realización de prácticas,CAT-02160,,SI
39d52592-9d41-ee11-bdf5-000d3aa90776,n4X1eZRqSvyNfTbI7IKx4+taL2x8S6hXGqcfA/mlsq+qtCQYPRHKeiqivCsrlFe1l+ZvQED7gGVtPASMzxhiuw==,7/17/24 20:44,VIU - Datos,Solicitud Gestiones,Matrícula,Elección de optativas,CAT-02148,,
d3ab503b-249d-ef11-8a69-6045bd9525dc,g1eKghatV+e/dJ9nHjUHo0ZavyGfgbkUm2MdzMu7W1tbi5pJwNMEAdD1FeN+slDtcccwTvzytrPwwIwpg5cjYg==,11/7/24 16:20,VIU - Datos,Acción Proactiva,Fuerza mayor,DANA,CAT-03708,,
4c57fc77-249d-ef11-8a69-6045bd9525dc,JwOltNTE+qRohm4i6KPR3mU0HBlF0fvNyxxadednKHwvZBesF4Nks63eN1kCKuEvvf2cPS+SjorOp0CeP5uRjw==,11/7/24 16:22,VIU - Datos,Incidencia,Fuerza mayor,DANA,CAT-03710,,
96bd38a8-249d-ef11-8a69-6045bd9525dc,pcxRw9xSWKX5cib0BR5banu4IH5w9HiTWYrhn3hjy+OdKKVKIGqk0OmsSeSoV1AhwiKW25N+hlmOMRTSeKs5AQ==,11/7/24 16:23,VIU - Datos,Informativa,Fuerza mayor,DANA,CAT-03712,,
dd3d3bf1-249d-ef11-8a69-6045bd9525dc,G/snTSBQHzhF+9s6iLCjPRwyZfvfnxMAmNJrw7Zp4SVwv56cyRZtJYjRkIbwSW6+ql4fuMeJU2S8OVcv0KIv5A==,11/7/24 16:25,VIU - Datos,Queja,Fuerza mayor,DANA,CAT-03714,,
d4b4f6f0-402f-f011-8c4d-00224884631a,H/z/WTYw2eOR3KXm0b/hkY8gyRGLZAeeMWZ+DFO9jTHtenEVO+m4oDx+e+XuiC0smpX03g55MKKkvo3achdljg==,5/13/25 12:07,VIU - Datos,Solicitud Gestiones,"Servicios, sistemas y herramientas",Error con Aula Extracurricular,CAT-04270,,
13d42592-9d41-ee11-bdf5-000d3aa90776,5gSR0xeI9VfoQHXlgDYedT+ntDgHbx+EB+98nIEq4jEzHzOpYMOqwaBKnBTiDuNaVHw/5PO6WYcecEQ87doGzQ==,7/17/24 20:44,VIU - Datos,Informativa,Académico,Desarrollo lectivo,CAT-02007,,SI
8ed42592-9d41-ee11-bdf5-000d3aa90776,wFxBvFpIRhCEZp1jCTeLCzPBgOfyoXMXIl76JTdcyKNmivvIHjsaOWeCFBJQtSvK+C0q5nRrzZH00xNiXxSdPQ==,7/17/24 20:44,VIU - Datos,Incidencia,Académico,Desarrollo lectivo,CAT-02063,,SI
fd7cb56c-3c2f-f011-8c4d-00224884631a,DHw3d+OpKXtRXw+CWxkL0yO10MsotqsByFK4WRIqPAot1voMrlh+xOqUScQbB/Y1HL9/CG3175b3VQvFeDEksg==,5/13/25 12:07,VIU - Datos,Solicitud Gestiones,Matrícula,Error con Aula Lectiva,CAT-04265,,
fdd52592-9d41-ee11-bdf5-000d3aa90776,XV+LKEzNUn9rdtBkKB4hk1pM1dSEnm8uZ6InrBaPg/Fkj/pX3DXaeKEsR8Skdq97Hkeh3vP6JvkloKyvg63RTg==,7/17/24 20:44,VIU - Datos,Acción Proactiva,Académico,Desarrollo lectivo,CAT-02246,,SI
dcaf0652-1c48-ef11-bfe3-000d3abbcd25,t1uiC+afBlnOkDjeQeQB1RQg1wos0eObs3YBhLcs6AuCXVQMmFNAONvMvfnAYL35l6VAnfuXj9josnt6L46mMw==,7/25/24 7:06,VIU - Datos,Queja,Académico,Desarrollo lectivo,CAT-03360,,SI
7cd42592-9d41-ee11-bdf5-000d3aa90776,F7nOE3fREBr3VyRtRzuVhru+aVXR1ehdk8otBkyq85M2hwQlZAAb/p/gPctSJmFEjE/N0fH5/pyG/BreXtmahw==,7/17/24 20:44,VIU - Datos,Informativa,Solicitud baja/cambio,Desistimiento,CAT-02054,,
f7d42592-9d41-ee11-bdf5-000d3aa90776,Jq3LQglzOIr00yaFihpjLKLQR8OrskY9yCt+NfKMFGyFL8cYOdtZelFE3sRIQtdUaW60Cdg48pJJ2C9dxayJnQ==,7/17/24 20:44,VIU - Datos,Incidencia,Solicitud baja/cambio,Desistimiento,CAT-02115,,
eae8ff65-482f-f011-8c4d-00224884631a,juaB7WT0WwTfe8Oc6iJc3a4SXfVOCtNrbD/ap2FXVXAIgI6keo0cnDqyMpLvGEkAC9Z5lUYtzHp2JeYDKzvMSA==,5/13/25 12:07,VIU - Datos,Solicitud Gestiones,"Servicios, sistemas y herramientas",eSecretaria,CAT-04305,,
66d62592-9d41-ee11-bdf5-000d3aa90776,xgFwL5GdTYFz21pn/0FFH8BMx06DcGC1xraHV0H2kJAOswV6cJ+OOmoxcP1kL7WXxkMC36Jq/pGj9TUe3JSAfw==,7/17/24 20:44,VIU - Datos,Acción Proactiva,Solicitud baja/cambio,Desistimiento,CAT-02298,,
46b00652-1c48-ef11-bfe3-000d3abbcd25,vC2qrEgEzO21fTXFp1jnToe9r11x8eupi63G2E/qvDi0f1DxR6PjA73RvJFb2X3OcvuyFauOSe0zMsTxZWEfZw==,7/25/24 7:06,VIU - Datos,Queja,Solicitud baja/cambio,Desistimiento,CAT-03413,,
dc1f62c8-ab41-ee11-bdf5-000d3aa900f3,Mug3FdoPyDV1ovf4kkpJzOUXlXvbi3Bj1tznpERZlS21SScUkalMbtSix/QGcfmbm4a46N/mvJOAG5FOmWPspA==,7/17/24 20:44,VIU - Datos,Informativa,Pagos,Devoluciones,CAT-02305,,
cad42592-9d41-ee11-bdf5-000d3aa90776,6NJ+RBk13WgBZFIqZIcgMPD6iD5rUEUHdfUbFsTHqU5A4mFl456Y1+xMg1YHu0FVJMLworXYGQnN/+/blZqGKA==,7/17/24 20:44,VIU - Datos,Incidencia,Pagos,Devoluciones,CAT-02093,,
a5a37ebc-472f-f011-8c4d-00224884631a,2K+g5kLD1yH5fBSuno6t9B280HAyGkvWkQi32Ym42POVOQYXyEiqL7+RkeHaiskoTovPGbiVdnn1SFOVSXAjmA==,5/13/25 12:07,VIU - Datos,Solicitud Gestiones,"Servicios, sistemas y herramientas",eSecretaria-Claves de Acceso,CAT-04300,,
39d62592-9d41-ee11-bdf5-000d3aa90776,O86B4b5jo6VKqTgYCzyRPxCIizw40ODIwtAWVTuBnU2im9EBG2TmRq3YOTKs3X/+b4/5j+MQJytmKgBogG6JSg==,7/17/24 20:44,VIU - Datos,Acción Proactiva,Pagos,Devoluciones,CAT-02276,,
1ab00652-1c48-ef11-bfe3-000d3abbcd25,gyOmPMTH4yaXGaCx9uBBgRnGpaA1X+DAvIPtpILYZpdRIcq2X7dr39tcKwRVdjbX31MGM0MCjd87ebnZ7l5h/g==,7/25/24 7:06,VIU - Datos,Queja,Pagos,Devoluciones,CAT-03391,,
75d52592-9d41-ee11-bdf5-000d3aa90776,zPQuMtS8ispbe3jhwopY1AYtj2kd8ENl2Jdah4aCISRXnJCu0KEcu9G6/zusOtkpIl7jXkg1n511G0Xeilkdqw==,7/17/24 20:45,VIU - Datos,Solicitud Gestiones,Títulos y certificados,Estado de legalización de mi título VIU,CAT-02178,,
5bd52592-9d41-ee11-bdf5-000d3aa90776,gz8DqmDsInhvQEzrG3GnzVyM/x+lYPyHZW5f5YZC/yX0rs1Dx6PhUQS/3KJoM3XPPdFmJwic/QvUR9CKSnKBtA==,7/17/24 20:45,VIU - Datos,Solicitud Gestiones,Reconocimientos,Estado de reconocimiento y visualización en el expediente,CAT-02165,,
67e5614e-82a2-ef11-8a6b-000d3a2ee5c6,xVnSWamGCdDDcV5kGtJ7hPagDO6MEkPGEo64S9XB7zZyFWTWiuqjZFivne+rmvcJN3w/lQebMxwVX+1XdG/50Q==,11/14/24 12:17,VIU - Datos,Incidencia,Tutoría,Diversidad funcional,CAT-03758,,
79e5614e-82a2-ef11-8a6b-000d3a2ee5c6,gFpbBjK8WDtNkHNdxfN5+1hjXdUAgwc/ApfalvyUf6J7WdCECM8oT0dTyrUza2jA0uzt6aRwEAy4UmeSa006ow==,11/14/24 12:17,VIU - Datos,Informativa,Tutoría,Diversidad funcional,CAT-03767,,
0bd52592-9d41-ee11-bdf5-000d3aa90776,JVIYOcsa3E0pwRyLSycHhpK3oHA3+Ss+hEJi8PzALH/XVdlPAGOgwXWRBR8MpE3SX5phJntBlB6be0u1FOnJMw==,7/17/24 20:45,VIU - Datos,Solicitud Gestiones,Académico,Eventos,CAT-02125,,
b1e5614e-82a2-ef11-8a6b-000d3a2ee5c6,zuXR9GyCRPzrsrQ3DnP14ZzAQJbqbR0/c6qxFV/ttls2WAZeRWn7DZeE8kXUAwoQTQI07i/b6V0KlN/o7P3k3A==,11/14/24 12:17,VIU - Datos,Queja,Tutoría,Diversidad funcional,CAT-03794,,
5cd42592-9d41-ee11-bdf5-000d3aa90776,KO4CxF6TCDsIxnHnSJjzwVmNFujVZRbyoK76VyBvg43r52grelZz6U1OIFqp/mB25S+DNtbTnzYP7x/y8LCDYQ==,7/17/24 20:44,VIU - Datos,Informativa,Prácticas,Documentación realización de prácticas,CAT-02038,,SI
d6d42592-9d41-ee11-bdf5-000d3aa90776,9Z3qAhi0iCEBWuqHuh2ZgF+Adnh3C95KWr+LUhwoev8PGbzLmXDpLkMsatGrxZn7fFQ/+mRVMG8k6N5ts253uA==,7/17/24 20:44,VIU - Datos,Incidencia,Prácticas,Documentación realización de prácticas,CAT-02099,,SI
8de5614e-82a2-ef11-8a6b-000d3a2ee5c6,wf0nLUH0zMTYI0fgBlOFUr6nE34z5NVafDll/yl4UhSC0MiMfjzuQMLjtl7DAZINgvssmtFEmqYWDkdZnmyNTQ==,11/14/24 12:17,VIU - Datos,Solicitud Gestiones,Tutoría,Eventos de fuerza mayor,CAT-03777,,
45d62592-9d41-ee11-bdf5-000d3aa90776,L/nis8nHfT10/NTb1MLGvMPH94bR3s3gpWq4TbZ9bUPqPMpZ+Gs+OVRtLFsIRZrv4WKYZReBGZ8tSImRIJgtnw==,7/17/24 20:44,VIU - Datos,Acción Proactiva,Prácticas,Documentación realización de prácticas,CAT-02282,,SI
26b00652-1c48-ef11-bfe3-000d3abbcd25,27gH1WX7Dmfw8UsPADovUa0zPMKhP1F6bUcl1eiHvcp5yWNppz01I73AwjAg4O5j+lNaYtJOzOFDlOCOv2iY9A==,7/25/24 7:06,VIU - Datos,Queja,Prácticas,Documentación realización de prácticas,CAT-03397,,SI
44d42592-9d41-ee11-bdf5-000d3aa90776,syN4nl6nOnnP4W97VGcm19MormsXkAeuxWZgw7n48tVsE0sCaHJ/HTNC4iCu+d/utOlHGrdmvvh1TNTJJLrc4Q==,7/17/24 20:44,VIU - Datos,Informativa,Matrícula,Elección de optativas,CAT-02031,,
bed42592-9d41-ee11-bdf5-000d3aa90776,/Eqrt1FGzj15pWBma4lq4No15jp4CFbM0BPTCUGuKLdVTYOQgMEqHp+EfzTw83SWp1CZkyg29mBw7G3ZQSlt8g==,7/17/24 20:44,VIU - Datos,Incidencia,Matrícula,Elección de optativas,CAT-02087,,
47d52592-9d41-ee11-bdf5-000d3aa90776,Nyu6orUtZhAPveyUfDCyD0KA96q96w49h7uyEpmuQuFOo9qyygRTFhfZGO7xSdsXG6Ue8qtSnIbv9MLyODb24g==,7/17/24 20:45,VIU - Datos,Solicitud Gestiones,Pagos,Facturas y justificante / extracto de pagos,CAT-02155,,
2dd62592-9d41-ee11-bdf5-000d3aa90776,vW7Q0Eeje2AtSlkYnns+75au1qp7SE3vofB10EAz27unl6V2x/2emJ2trXrOEnSSzoKm9+oIZ6JmZ4Z8JE5zwQ==,7/17/24 20:44,VIU - Datos,Acción Proactiva,Matrícula,Elección de optativas,CAT-02270,,
10b00652-1c48-ef11-bfe3-000d3abbcd25,TpOHFZaPQ5MP70RgYvFiZikh1YF70M44ouo/CEoKq7SNgFgkE/qeBjhoNJT8rhwyZbX+gZ9O2FXL3zPQ79Px6A==,7/25/24 7:06,VIU - Datos,Queja,Matrícula,Elección de optativas,CAT-03386,,
268bf664-402f-f011-8c4d-00224884631a,BRN1rQRT+8uVyRfZXXSS3vprpIURytmy3V/U7SCBCV+MXl6kBXbisTjBjxjzOhkvKbJuU1xQTo8vMwpMoYqtMA==,5/15/25 10:44,VIU - Datos,Queja,"Servicios, sistemas y herramientas",Error con Aula Extracurricular,CAT-04268,,
17b513ab-402f-f011-8c4d-00224884631a,/X32eU9IdIFc8cDbSkN2H0TDeTqQExOriOlA1eML1W2o568BtGEOv00CTSJrLt6v5DgrkmhbP8TyUstxvPrPyw==,5/13/25 12:07,VIU - Datos,Acción Proactiva,"Servicios, sistemas y herramientas",Error con Aula Extracurricular,CAT-04269,,
0dd52592-9d41-ee11-bdf5-000d3aa90776,cO37BTP31PCQ9GFEKfe2AvZBE8CL4XyjnOZq4ORDJuerKtOpu/N0xFcSlZj5PdsU0TkDk2MLdNp//P1Bp8W48g==,7/17/24 20:45,VIU - Datos,Solicitud Gestiones,Académico,Formación complementaria,CAT-02126,,
ca10d11d-412f-f011-8c4d-00224884631a,/Z89z3OZYp9UOzTbGqjDizHCb1asyibM5QijI+JXMmPbJYCWMR2UjzfDU9XQFwoqH1XTCDWZcKkVbCPFr+NviA==,5/13/25 12:07,VIU - Datos,Incidencia,"Servicios, sistemas y herramientas",Error con Aula Extracurricular,CAT-04271,,
5f2f1545-412f-f011-8c4d-00224884631a,+LjVgUIdacknOKHsOFNkyLo6pB1iJiyoLxHCuvM5XI0c7Bv2rRdqVSsDaLfwSGGkesbrBVwVOk9TtPuxUpeoZQ==,5/13/25 12:07,VIU - Datos,Informativa,"Servicios, sistemas y herramientas",Error con Aula Extracurricular,CAT-04272,,
9a75a0d1-3b2f-f011-8c4d-00224884631a,4DyruKF0ka+bgfMcf4Uin8L/qnyUMKRqKU8RJvrIucwveKScrUw1RAL20ZnMVK/ximwlgrK90tjLwv3GoyB1Kw==,5/13/25 12:07,VIU - Datos,Acción Proactiva,Matrícula,Error con Aula Lectiva,CAT-04264,,
1bd52592-9d41-ee11-bdf5-000d3aa90776,R4KQaVLFNc4Zj7U209yn6JIwuts8uEd25Uc3SZP+04l6FCiSBlDv7RbCTIbG0R0LJgaqxnCHep78TqQhXRbftQ==,7/17/24 20:45,VIU - Datos,Solicitud Gestiones,Documentación de acceso,Gestión información y compulsa,CAT-02133,,
a8d8e6a5-3d2f-f011-8c4d-00224884631a,uVg+az4nljqe3TA0bbFML99r91OgYrU46Wdq1u0uehYEDaI1woRU4VKnP+/orPYRnAwWnNTz6ziusGu+QHMcjw==,5/13/25 12:07,VIU - Datos,Incidencia,Matrícula,Error con Aula Lectiva,CAT-04266,,
51bb9a21-3e2f-f011-8c4d-00224884631a,7zF0BtwrjgICARaieH/4XuHv2yQjTN2bno63d31MMnMIWXfqUARdemoj+7aTRAuCK45ycnZHJpUXakGRiAWtbA==,5/13/25 12:07,VIU - Datos,Informativa,Matrícula,Error con Aula Lectiva,CAT-04267,,
004ed5fb-112f-f011-8c4d-7ced8d0f22cd,HUxspKr0WYGQLPOR2BVqkhJvakNk03bjeGC6jBf2iH6oxXvX+LgENzorO3NFnS7eiPct40vUsKvkWbTQfnW5FA==,5/13/25 12:07,VIU - Datos,Queja,Matrícula,Error con Aula Lectiva,CAT-04263,,
52bb9528-482f-f011-8c4d-00224884631a,vX68aqplXYZJs44OcQC54OmakcdzvU0qtzAW99EqWto4gnYfJB7On75aaDJ4nunMdQ+SEA4QBAB8/DqEVrkJeQ==,5/15/25 10:45,VIU - Datos,Queja,"Servicios, sistemas y herramientas",eSecretaria,CAT-04303,,
80f06348-482f-f011-8c4d-00224884631a,tP4kOX3IthgywIHb/kGVRy2ARjweL0g2kk2h74Vfvo0eiPiMzWQB3RczwDR0vKnrAAg333w3MUJG8gJ1dOLvjQ==,5/13/25 12:07,VIU - Datos,Acción Proactiva,"Servicios, sistemas y herramientas",eSecretaria,CAT-04304,,
1fd52592-9d41-ee11-bdf5-000d3aa90776,VosD6hZzFtHHw34VEYi+p4nQ+AHbe32ToSDAb6acu/a3i/GCxnTWBxwd8nSHlYKNMGPQewxrN/c/D6AHUslIEw==,7/17/24 20:46,VIU - Datos,Solicitud Gestiones,Documentación de acceso,Homologación bachiller,CAT-02135,,
fc2e6c80-482f-f011-8c4d-00224884631a,fFkSm7dv9tapYATG3afuFiLfiBEskN2XsnzdP8oPtJ2feMBt+xrIpcusk4QPJFeqjNuNzv6ceFeG6Zqdr18CtQ==,5/13/25 12:07,VIU - Datos,Incidencia,"Servicios, sistemas y herramientas",eSecretaria,CAT-04306,,
0d70519f-482f-f011-8c4d-00224884631a,cEB7h39lDSQKFTv0FiT7uqT7oy7s5CVXOr8nh6jSM2d+wsXVBCyB2L88KehzpYbKFT5lQ+SLb8cwaYbAFh8QNg==,5/13/25 12:07,VIU - Datos,Informativa,"Servicios, sistemas y herramientas",eSecretaria,CAT-04307,,
91df297d-472f-f011-8c4d-00224884631a,rNqyajPGP0b3XGjweqU0OWzjNPR7rIPkqd3qw1CgNinlYVoNRJCw43aYYjAS6Nhkh5I/raz9+aNJG5yvuj9sUA==,5/15/25 10:45,VIU - Datos,Queja,"Servicios, sistemas y herramientas",eSecretaria-Claves de Acceso,CAT-04298,,
61c47f95-472f-f011-8c4d-00224884631a,/nuYFpViWuDGzV4Md6kS0UoMgL9H380seFwTlJRvLLKhKsPGtR8WdvYSzx87XYbM4TIstTEtQSzriRju1kmKTw==,5/13/25 12:07,VIU - Datos,Acción Proactiva,"Servicios, sistemas y herramientas",eSecretaria-Claves de Acceso,CAT-04299,,
27d52592-9d41-ee11-bdf5-000d3aa90776,+PDeqeQqd/COOUi2qU8pPwapOeQsM+Aozw+iI+lq6Jkiut9iJuddUOdmwZDYD/yROC6WAmyLnq3CZBihKUJF6g==,7/17/24 20:46,VIU - Datos,Solicitud Gestiones,Evaluación,Justificante de asistencia a exámenes y TFT,CAT-02139,SI,
74a541db-472f-f011-8c4d-00224884631a,/rRQ9x62DaQrUCH5ltwxArhqZgo0MgDQSfEuLTxQS89BA3T8jB2cHETzfJfutp+hrc1EDjM8t1N5C7wZmqFt2A==,5/13/25 12:07,VIU - Datos,Incidencia,"Servicios, sistemas y herramientas",eSecretaria-Claves de Acceso,CAT-04301,,
a92c1cf5-472f-f011-8c4d-00224884631a,ArGtrO29c/HSWSkSoO8924lx/l9zd9/OFu+RIEW+ORXMrx9co8mNIEhuEkm71rKqBSfPNYno+Ay/luglo4HhPQ==,5/13/25 12:07,VIU - Datos,Informativa,"Servicios, sistemas y herramientas",eSecretaria-Claves de Acceso,CAT-04302,,
80d42592-9d41-ee11-bdf5-000d3aa90776,ZJWvaBQW/qQelc0up28qTHQlCLPjYx/qAKWvJSvo+ZAJMgH2O/2PF/l/yYMYuzznGg1DWfCqlGjW8yvq3exwZw==,7/17/24 20:45,VIU - Datos,Informativa,Títulos y certificados,Estado de legalización de mi título VIU,CAT-02056,,
fbd42592-9d41-ee11-bdf5-000d3aa90776,s3UcaoPHv//oD0pUZcdgskbaRoArtUCioG1AoIlTlQC/L/XI2fC3adat3DztcHcK2VAd2Xue8XTpgK1V+IM/XQ==,7/17/24 20:45,VIU - Datos,Incidencia,Títulos y certificados,Estado de legalización de mi título VIU,CAT-02117,,
3bd52592-9d41-ee11-bdf5-000d3aa90776,XseU2JoowlMo7yIPeCwNI+91hBcy7R7ZjUM4sLlDOZphFKM80MXprqiZA7R4dI04iEuLKnGSWK/gOcwwBlFG7Q==,7/17/24 20:48,VIU - Datos,Solicitud Gestiones,Matrícula,Justificante de matrícula,CAT-02149,,
6ad62592-9d41-ee11-bdf5-000d3aa90776,qa55fJLA4ub14/ZJ9iJqTcXTKN6hI+0Lt+yykJCK/fcB1CZixiHyWxEDAIB3G5BsZ0jVs3+PLxVf5mSdpRapTw==,7/17/24 20:45,VIU - Datos,Acción Proactiva,Títulos y certificados,Estado de legalización de mi título VIU,CAT-02300,,
4ab00652-1c48-ef11-bfe3-000d3abbcd25,hFMvm3iFHWmvUDEQ43rhBRbC+F5HklePKDlbwvIg/FxdtffPa5uzuIdXPpkHj+pWv+xv2n/TCY+DhR5TOtlAnA==,7/25/24 7:06,VIU - Datos,Queja,Títulos y certificados,Estado de legalización de mi título VIU,CAT-03415,,
66d42592-9d41-ee11-bdf5-000d3aa90776,ti8yrW3uGrfqmkvgyefEgWRAA0zZsrnGT5ZhmNFZ+oFV55BnsypOXTgT59NCRSsFSa9qRRg9wYjhrRbLb5j77Q==,7/17/24 20:45,VIU - Datos,Informativa,Reconocimientos,Estado de reconocimiento y visualización en el expediente,CAT-02043,,
e0d42592-9d41-ee11-bdf5-000d3aa90776,7h/so8Yr6do88RC+EQwBOh4pUVkH5lxzhf5WYlNkxzroGSa9uHIv+h3/D+Fr+mbNIAd1gw9ROfiQ0y83hlBU5g==,7/17/24 20:45,VIU - Datos,Incidencia,Reconocimientos,Estado de reconocimiento y visualización en el expediente,CAT-02104,,
1dd52592-9d41-ee11-bdf5-000d3aa90776,gwtiSvFR5P2Tg2kNWvDCngvpfznFgpb/3telQSU460/O72fpk4i7IwQCXKHMmUa1poxq1+lgCBrkus7lCwl9ew==,7/17/24 20:48,VIU - Datos,Solicitud Gestiones,Documentación de acceso,Legalización de documentación (Títulos extranjeros),CAT-02134,,
4fd62592-9d41-ee11-bdf5-000d3aa90776,TFCJ2ezWqUW/fTaGLUz2MSX2TDn8GDulFwPw0VvQaKrpcQtBpS7mgbxSgojf+KYjlCjoiLfOEro94W259DKhDA==,7/17/24 20:45,VIU - Datos,Acción Proactiva,Reconocimientos,Estado de reconocimiento y visualización en el expediente,CAT-02287,,
2eb00652-1c48-ef11-bfe3-000d3abbcd25,+pBEdrdmz5xcL9UJbqY/flsPSuKVRsqrQQLItxb8iyDZ49eHdkSI2PkBglP3nsecVMvIGnCIALT+XOUVG/UGvA==,7/25/24 7:06,VIU - Datos,Queja,Reconocimientos,Estado de reconocimiento y visualización en el expediente,CAT-03401,,
15d42592-9d41-ee11-bdf5-000d3aa90776,8eBhbPS2k6CC7BBaADflykUs3ZIzbIF/lYp5lebWoDJVFuxzuSFcRw0c6xmHywSmMg+G5Ksuglrt6Hh9HjEkZw==,7/17/24 20:45,VIU - Datos,Informativa,Académico,Eventos,CAT-02008,,
90d42592-9d41-ee11-bdf5-000d3aa90776,71Oz4NhpcR8RlN90T1D4PIfkKotkh1R5h7sxE3DXHlG4zMP4nnmlMM+FpXpsTS9eKDypRYXttIBDEtrmx5kLUQ==,7/17/24 20:45,VIU - Datos,Incidencia,Académico,Eventos,CAT-02064,,
81e5614e-82a2-ef11-8a6b-000d3a2ee5c6,rMCKX3DZBkZRVVaX9JloNalaM40GsBCLCUXVIGOCKdM872nL/U8YRvbiOr/EkdzSPgCTCVZCtz0tUjHsMMMGQQ==,11/14/24 12:17,VIU - Datos,Solicitud Gestiones,Tutoría,Manejo de campus y servicios,CAT-03771,,
ffd52592-9d41-ee11-bdf5-000d3aa90776,9bI3BAUJl1sLXmrfrBDtQoB+HGbhAZEmesOfRQHrKIs+YFWIQbkZgvL1DKPQUnZJ2Pa3ioaCeLTNiSbimU1oUw==,7/17/24 20:45,VIU - Datos,Acción Proactiva,Académico,Eventos,CAT-02247,,
deaf0652-1c48-ef11-bfe3-000d3abbcd25,+wPhllxXHs7uqI2dPgHd/SKINDNYe/gqLb977B9vHZzT5g5fQHG0LSMmCt9zBT7tdYzcKHDfgwozrIebJ5fiPA==,7/25/24 7:06,VIU - Datos,Queja,Académico,Eventos,CAT-03361,,
b8d50600-422f-f011-8c4d-00224884631a,qH48R/V/6r6xV461eM0/1ft1LvbkUxflZFfbKyKXzXLUl+9AZRxMXVslV/Gy8wboO5/lUWx24FdCcnuLZBDCOQ==,5/13/25 12:07,VIU - Datos,Solicitud Gestiones,"Servicios, sistemas y herramientas",MS365 - Claves de Acceso,CAT-04275,,SI
69e5614e-82a2-ef11-8a6b-000d3a2ee5c6,5lDRpUqk7eI2oTNnQ9AGF4h97DVPRKRgWv7eASJJ6Hw0Lv3NErU+ThTpspbLfiPIEOr6iPmN+HPAeSdziNkBjw==,11/14/24 12:17,VIU - Datos,Incidencia,Tutoría,Eventos de fuerza mayor,CAT-03759,,
7be5614e-82a2-ef11-8a6b-000d3a2ee5c6,ecTY+A408Vx9eq690XVVWkzCLflDC2yd4dhUq44G6+33LeE6GBIrkoagEer8Vct0OB9MZx0ANcPqY/oA9diU1A==,11/14/24 12:17,VIU - Datos,Informativa,Tutoría,Eventos de fuerza mayor,CAT-03768,,
7a6b54e4-442f-f011-8c4d-00224884631a,hXMQZfc2Qv6GvrtaZs3r5q08Iya+/X3VZ1r6105IJJcx+/mSz1JPSHtV2wmfgf6NwGvvOiMNuneKfoi2TnwugQ==,5/13/25 12:07,VIU - Datos,Solicitud Gestiones,"Servicios, sistemas y herramientas",MS365-Configuración,CAT-04285,,SI
b3e5614e-82a2-ef11-8a6b-000d3a2ee5c6,YNpHK2/jng2HbGqYEG7XLf5YNjd9ZC1ahoHJl/XlipVorU5FcZu1VZR1neDSPJyT/mClQqqv7PaNAdyUD7Wblg==,11/14/24 12:17,VIU - Datos,Queja,Tutoría,Eventos de fuerza mayor,CAT-03795,,
d63cf5dc-432f-f011-8c4d-00224884631a,Claf4oHQcDSUz55SjetwNfpzngmCLiNPZiPVBDGPDw4ojTa3tACgs4J9iHXyQUyiBxQfquIxbjR8DHH3c5FRgg==,5/13/25 12:07,VIU - Datos,Solicitud Gestiones,"Servicios, sistemas y herramientas",MS365-MFA,CAT-04280,,SI
de1f62c8-ab41-ee11-bdf5-000d3aa900f3,xzeAkKVKuQ672mQ2vEyiiabGouUOWx3A9JgQosvyxd+7MMlrPy6sSbzlrb15+xPKp1ZcAaeoNgtKl9vTuXOBvg==,7/17/24 20:45,VIU - Datos,Informativa,Pagos,Facturas y justificante / extracto de pagos,CAT-02306,,
ccd42592-9d41-ee11-bdf5-000d3aa90776,QzxwMSXTLp92hqvtl+okuT9NQohiKtomPOmOtcktRunGS9RXayIsQCEkTSIQsNboTmgFBcxi9PiAKVyf+mn1fQ==,7/17/24 20:45,VIU - Datos,Incidencia,Pagos,Facturas y justificante / extracto de pagos,CAT-02094,,
89e5614e-82a2-ef11-8a6b-000d3a2ee5c6,emLIUi6avhYK1JVXYW+eXeFAwT4yRVRJjDVwPk6x4kvMk1SMqr7oUY8K0pbR9R61BfexBo0xTVjQN5VdL2Zecw==,11/14/24 12:17,VIU - Datos,Solicitud Gestiones,Tutoría,Organización de exámenes,CAT-03775,,
3bd62592-9d41-ee11-bdf5-000d3aa90776,EoD99lvO4UvoKvgSaK38hYntsHELcUU03ptBtGqMlPsKb2mChphH/h8V5M3cYlTYsqo0KelvEy02yrckbOeVsA==,7/17/24 20:45,VIU - Datos,Acción Proactiva,Pagos,Facturas y justificante / extracto de pagos,CAT-02277,,
1cb00652-1c48-ef11-bfe3-000d3abbcd25,qazdYM4Q/XuJm9xrr39icJ4e8d11dxXF4PINggf4Q56WzwYV+w1shwABoQ2hov+BOhh4MFX+BcMqMr1PHo43Sw==,7/25/24 7:06,VIU - Datos,Queja,Pagos,Facturas y justificante / extracto de pagos,CAT-03392,,
17d42592-9d41-ee11-bdf5-000d3aa90776,Qa7ac9LhW/GA98lcZxkMhND/yf9GZx+Xmzk3dOPYqXnHyCGbwj8Au1ZD6lo/V0eoISQSAkyJeF+kwT5vAmLXYg==,7/17/24 20:45,VIU - Datos,Informativa,Académico,Formación complementaria,CAT-02009,,
92d42592-9d41-ee11-bdf5-000d3aa90776,zXFCntIf722FcnOpcLt7e53MdAuUfvDy5pYvWLuUCGdHIXBDH0+cnLr3408LAmFHoW8BwF1fGeGve0pGVnpMTg==,7/17/24 20:45,VIU - Datos,Incidencia,Académico,Formación complementaria,CAT-02065,,
13d52592-9d41-ee11-bdf5-000d3aa90776,tavZAZuqiFjPJIbwL+HfKyBaga63/QE9+LwyL2TGvJN4XqB5j1W9Vw7KCONK3CY71voDaKl+Pffy2XievF9fFw==,7/17/24 20:45,VIU - Datos,Solicitud Gestiones,Académico,Otras cuestiones relacionadas con académico,CAT-02129,,SI
01d62592-9d41-ee11-bdf5-000d3aa90776,Rkhpm/h5ExE01JF0gDz7321YdcHxT8ovKVQ2BhD6ehmNhvOj7a2bm6fa8GMdS1XFp/qA9TvS1LwlonRW5XFfGQ==,7/17/24 20:45,VIU - Datos,Acción Proactiva,Académico,Formación complementaria,CAT-02248,,
e0af0652-1c48-ef11-bfe3-000d3abbcd25,VGkhcuF9oCQVumNl2thwCjPKHuzqbZ08ZtwEkRi+IhSugosERg4qipfCT2JXUVm5P8ncWLKOYB1L1HftpLmxpw==,7/25/24 7:06,VIU - Datos,Queja,Académico,Formación complementaria,CAT-03362,,
26d42592-9d41-ee11-bdf5-000d3aa90776,ozfdNclj225m0vRSv+cvzlOG9M/c5H1x+463lYh496unNeMu0xusKoNEYmz5NmRrcXzf4p1WqwXExpkJBjqp2g==,7/17/24 20:45,VIU - Datos,Informativa,Documentación de acceso,Gestión información y compulsa,CAT-02016,,
a0d42592-9d41-ee11-bdf5-000d3aa90776,zjqWJDhESq48TH89D4ofDdUH8pLQtGSdLZYbSSM5ZBMSFnGTTv+DRfcx0lgvZLUwNDvbfB+MkMMTU8g51sYEgQ==,7/17/24 20:45,VIU - Datos,Incidencia,Documentación de acceso,Gestión información y compulsa,CAT-02072,,
21d52592-9d41-ee11-bdf5-000d3aa90776,4rwI67J4y2RzF24wfDGkV6QJtPcPgYzBHvWcqn5DLb9ZEtqb9oFVTGdz64Ai41B+QcmgiJAq1O6k7mmkyMvifg==,7/17/24 20:45,VIU - Datos,Solicitud Gestiones,Documentación de acceso,Otras cuestiones relacionadas con doc. Acceso,CAT-02136,,
0fd62592-9d41-ee11-bdf5-000d3aa90776,6+RUdqwZlTgBveOoVAGEokQcjmzmyv+Sl7odsYWyOk43TnCNiCeOQnFOJtCXst2/RQ1v55CWBzDkmKa8sh67Cw==,7/17/24 20:45,VIU - Datos,Acción Proactiva,Documentación de acceso,Gestión información y compulsa,CAT-02255,,
f0af0652-1c48-ef11-bfe3-000d3abbcd25,YrSh8Z0qyGb1TWktJjNTcHGsHz/R/4X9qSo7zC/hB4lnslBFerOs5oJ4VHKuf3cG8E8PnV/Iexa9w+lg7LCl1A==,7/25/24 7:06,VIU - Datos,Queja,Documentación de acceso,Gestión información y compulsa,CAT-03370,,
2ad42592-9d41-ee11-bdf5-000d3aa90776,gkMp9Jk0gss7RsMmSnWL/JpvaNszItfdriu3Q/DY8zleP2PMlFXwGioxhCtn3qnMSrTrvUZVFWKre0NDz1mFpQ==,7/17/24 20:46,VIU - Datos,Informativa,Documentación de acceso,Homologación bachiller,CAT-02018,,
a4d42592-9d41-ee11-bdf5-000d3aa90776,jMonwsOeQ3/VY3XYLUuG2sevEeasRFJB7VYW1GtFT4KavyDV3OIxLR/vZCx5KemwO8IqcYS+QihypjBTeLtLRA==,7/17/24 20:46,VIU - Datos,Incidencia,Documentación de acceso,Homologación bachiller,CAT-02074,,
2bd52592-9d41-ee11-bdf5-000d3aa90776,YY87hrVl1qXhOX+Bl/MxWilqahgdfz7ibwtXkKKn0Ekm9saZgjr6GxkJJA3wwf1cGrVu8lCU5L7RNpO85NDHjg==,7/17/24 20:45,VIU - Datos,Solicitud Gestiones,Evaluación,Otras cuestiones relacionadas con evaluación,CAT-02141,SI,
13d62592-9d41-ee11-bdf5-000d3aa90776,IuSOvu/j/L/ZMIDdEqNO0Q4w9bDtk0KFae4ULu+JaXrXs4EzZ5RYS/qGln2E3HWBK+/iLNEex1TzW8eKsGqaqw==,7/17/24 20:46,VIU - Datos,Acción Proactiva,Documentación de acceso,Homologación bachiller,CAT-02257,,
f2af0652-1c48-ef11-bfe3-000d3abbcd25,P7W/2cyTRvVFfVX3eMNM+7/UPjuFD/tq1Elfvg88EdifzBvKWQLvxvEr1+5RByMTh2DjMmOCWhY4MHfMcF5jxw==,7/25/24 7:06,VIU - Datos,Queja,Documentación de acceso,Homologación bachiller,CAT-03371,,
32d42592-9d41-ee11-bdf5-000d3aa90776,d01ll1hzboafAPt6eNYtSKx1vVxLGnuENoH9IVI1FcrKQjktYCZLkVeatlDOST0PTyUwHGcrz3j3/XZyNxGyxQ==,7/17/24 20:46,VIU - Datos,Informativa,Evaluación,Justificante de asistencia a exámenes y TFT,CAT-02022,SI,
acd42592-9d41-ee11-bdf5-000d3aa90776,/NODVQES8Qr+GT7BHuypefxgSzQpjican3JHeoKTpeOq2YOUNWEVrzxYOwj5aP1x/fxCTTaDmbvsPukGEDfa1A==,7/17/24 20:46,VIU - Datos,Incidencia,Evaluación,Justificante de asistencia a exámenes y TFT,CAT-02078,SI,
41d52592-9d41-ee11-bdf5-000d3aa90776,bmWncWoi1Q+hu+G98D3Teubru8xzHjQWkH6Y5cLd5YsYbYO90tf3CVMapzOMizfaYE8oY241mdT6kbIwI8/fdw==,7/17/24 20:45,VIU - Datos,Solicitud Gestiones,Matrícula,Otras cuestiones relacionadas con matrícula,CAT-02152,,
1bd62592-9d41-ee11-bdf5-000d3aa90776,uUF39NG7/gpScAhlaDkel7SXq9N9Gg5K2UdCUc7D4oJK9tTVwj9bx3fpmvZ/ZTZIg0qXJES3E2PgfkNiFToUJg==,7/17/24 20:46,VIU - Datos,Acción Proactiva,Evaluación,Justificante de asistencia a exámenes y TFT,CAT-02261,SI,
fcaf0652-1c48-ef11-bfe3-000d3abbcd25,oLYZufs52AALgnZHmGwB6JAyZfajmquEBPc73/XiYbDqXIX7RhXeHoISB6fc3jRc+b+r0VSYY2LRdZ5FTp81iQ==,7/25/24 7:06,VIU - Datos,Queja,Evaluación,Justificante de asistencia a exámenes y TFT,CAT-03376,SI,
46d42592-9d41-ee11-bdf5-000d3aa90776,0tBHt2E2BcSZHXZCwEGBQ4StPMZsdubFnIelsAkR65ViFCUldPoU+V6XA9zPJzSu69XT/jpnNBXRHa0QnHoUfw==,7/17/24 20:48,VIU - Datos,Informativa,Matrícula,Justificante de matrícula,CAT-02032,,
c0d42592-9d41-ee11-bdf5-000d3aa90776,J7Bm7qE7rY0J1Z3juCFsyzX4ZuZodpDCGZowIbmK2kFrVHL7cIXobVFNzwaxN9Pl8sxWaU5Zzw3nZdbh8ZGPoQ==,7/17/24 20:48,VIU - Datos,Incidencia,Matrícula,Justificante de matrícula,CAT-02088,,
5dd52592-9d41-ee11-bdf5-000d3aa90776,1cqAz6gqeoLz1Hw1CKWqie5WHdA7j69TdlL+0NZnWzI9oNXf77pYAhBiMHJvdXdlxrJtOnQaTEz1vmKFguHjcw==,7/17/24 20:45,VIU - Datos,Solicitud Gestiones,Reconocimientos,Otras cuestiones relacionadas con reconocimientos,CAT-02166,,
2fd62592-9d41-ee11-bdf5-000d3aa90776,ZGSi4A6Z61bqBmC/TPFPqS+1o3wrqHB9CO1ZdvxRHc8cI4uEAk91IYUj0IjmS2lhRkxODhjSgUXxAWWPxuVRZg==,7/17/24 20:48,VIU - Datos,Acción Proactiva,Matrícula,Justificante de matrícula,CAT-02271,,
12b00652-1c48-ef11-bfe3-000d3abbcd25,BGnhazCSu1pYQfNjITa33Ns5NsqnJU9ImP0ZSshWJzxXotsbqKTcFB31C8Tva54g/w4pBgwW7fuLZhwWdrZ13A==,7/25/24 7:06,VIU - Datos,Queja,Matrícula,Justificante de matrícula,CAT-03387,,
28d42592-9d41-ee11-bdf5-000d3aa90776,+KlPmJZELegBtp7RJ/2CGayNrct/tnGOviHpAMU5lNiRnK9PJIJjmmjC3TWMLSk+GSlYm0WpDOh5g6HZvkvQSw==,7/17/24 20:48,VIU - Datos,Informativa,Documentación de acceso,Legalización de documentación (Títulos extranjeros),CAT-02017,,
a2d42592-9d41-ee11-bdf5-000d3aa90776,0TTlw8mxreNrd9g65LfxlkO5z4csXDFaCkCJazWkSaUCx2cV9oQFK9xhNHDROiuazVpnBA92Zrg8COl3S/VnZw==,7/17/24 20:48,VIU - Datos,Incidencia,Documentación de acceso,Legalización de documentación (Títulos extranjeros),CAT-02073,,
65d52592-9d41-ee11-bdf5-000d3aa90776,lWqDw18fjV/9kfFAysJ4raYsAphIr/avhPPiJh0n51HRjEXkQolmCAxLXGzScFE2Q60cTxxQJNGK5PuKDCq/ig==,7/17/24 20:45,VIU - Datos,Solicitud Gestiones,"Servicios, sistemas y herramientas",Otras cuestiones relacionadas con servicios sistemas y herramientas,CAT-02170,,SI
11d62592-9d41-ee11-bdf5-000d3aa90776,Vpm44Gnan8W85z/vdZ2KjSyPDWv4CodrQhFPENfsQEyUTULfxVyiQ2J60RfLWCxf9C99mYhu9X9TOKRxEh32jQ==,7/17/24 20:48,VIU - Datos,Acción Proactiva,Documentación de acceso,Legalización de documentación (Títulos extranjeros),CAT-02256,,
f4af0652-1c48-ef11-bfe3-000d3abbcd25,9ydq2bsAxHFILXB6RrtkBpzzAz4DiOqrue1xowwVo0CFOVSViQEUgMK5fIbRM+P3SU9TNsq6m3bJB4dEdm1R/w==,7/25/24 7:06,VIU - Datos,Queja,Documentación de acceso,Legalización de documentación (Títulos extranjeros),CAT-03372,,
73d52592-9d41-ee11-bdf5-000d3aa90776,NCKa3LAfh3WGGlUo5hcFQo73eSmEWKlMW5nLYquNC8uzxA2KEtMmkzIuEShS2BzMyZYTrr6XWGkvW6tS3pp95Q==,7/17/24 20:44,VIU - Datos,Solicitud Gestiones,Solicitud baja/cambio,Otras cuestiones relacionadas con solicitud baja / cambio,CAT-02177,,
5de5614e-82a2-ef11-8a6b-000d3a2ee5c6,Fc/nxajuzIoi23hlWGAPwy/fviNzqNTK0YCpS0pZ2kJo8BeFEPF61uo1diDu+RB4FcF4gRtrxUEGOcACrKNzMg==,11/14/24 12:17,VIU - Datos,Incidencia,Tutoría,Manejo de campus y servicios,CAT-03753,,
6fe5614e-82a2-ef11-8a6b-000d3a2ee5c6,X5AUygJMAOA0SHXHZ1a33WFb3u7xzQmN4Dc2bzBzTyHg1owUZzbIjtdyg2wqEgNIWad/yir+2qCxk+b8odKdRg==,11/14/24 12:17,VIU - Datos,Informativa,Tutoría,Manejo de campus y servicios,CAT-03762,,
79d52592-9d41-ee11-bdf5-000d3aa90776,9ZJsTl7p5Gy1uOI2xZHYgnsjcKIwQovhMvo29kUg1l7gt9ULkLuE1O7V3w+pq1882KRA0SbVnqM8ZEjJoaFSqw==,7/17/24 20:44,VIU - Datos,Solicitud Gestiones,Títulos y certificados,Otras cuestiones relacionadas con títulos y certificados,CAT-02180,,
a7e5614e-82a2-ef11-8a6b-000d3a2ee5c6,Gbet/5lQqODtYWtE/FCc4NpktxxVI6RO3ETgpyAisy5ztlxdkNHn4mWdDu69R5nuQLFzOrZjjhAz2BNWMRYe/Q==,11/14/24 12:17,VIU - Datos,Queja,Tutoría,Manejo de campus y servicios,CAT-03789,,
5dd94d81-412f-f011-8c4d-00224884631a,RKobKVcPe+63PhTkrO3z81DZoDvrlFYP/Svh0YcxsuKVoEQ4kfEsvmORVdI2M08AKJz9JC2PDHWH1uvCJx2KgQ==,5/15/25 10:45,VIU - Datos,Queja,"Servicios, sistemas y herramientas",MS365 - Claves de Acceso,CAT-04273,,SI
41b6b1c6-412f-f011-8c4d-00224884631a,um42skU0i2tgPDbKEOdk6r9WJl15ygLtSdQXGXymGfFQnIcv9qSbrbexQh1ZQka5zCAsq84JdzTioR5nvNLTKA==,5/13/25 12:07,VIU - Datos,Acción Proactiva,"Servicios, sistemas y herramientas",MS365 - Claves de Acceso,CAT-04274,,SI
4bd52592-9d41-ee11-bdf5-000d3aa90776,wB1gncytrNVKp18xNR/2rm1ZWhfcxTtKzr8UTplTUHIFLGbZG6aa+4pZqnMWgT79P+PqTQiqZs9et+aVRtL61g==,7/17/24 20:44,VIU - Datos,Solicitud Gestiones,Pagos,Pago de cuotas,CAT-02157,,
8bd75f1a-422f-f011-8c4d-00224884631a,6i0cgNuyzMRnVllvmRwJQXTZqUiAeGNE2auNBydtA1rjjOT3zR1N8gJbwcLc+8L+VtkpF6FHQSuR+ajh2HUXYw==,5/13/25 12:07,VIU - Datos,Incidencia,"Servicios, sistemas y herramientas",MS365 - Claves de Acceso,CAT-04276,,SI
e5331160-422f-f011-8c4d-00224884631a,7G7coMHvORC5ctgEWiSmYe5/OK0SG5PjlQtI8vCn0F2ICee2rGVuf7fqe+yBnoGpZLQ8mSDoNx6y7i2TgjeIAA==,5/13/25 12:07,VIU - Datos,Informativa,"Servicios, sistemas y herramientas",MS365 - Claves de Acceso,CAT-04277,,SI
7dc22a9a-442f-f011-8c4d-00224884631a,fMefoFkgRGx2/cidQ+UQ/469yAEhZAce69Hdsw5PKzpVNqnPNM3ytQ0k4iLoCuRmPusyttQ91Qvoz9IBof0gTg==,5/15/25 10:45,VIU - Datos,Queja,"Servicios, sistemas y herramientas",MS365-Configuración,CAT-04283,,SI
6c84b7c5-442f-f011-8c4d-00224884631a,9E+3OwB2q+Mtlkd9dwRPKCkOzyORRjhHj+kitlqdeaoATTVDBj6j0z1vRV9CE7V3V711TvPssyRgDOQiITNsbg==,5/13/25 12:07,VIU - Datos,Acción Proactiva,"Servicios, sistemas y herramientas",MS365-Configuración,CAT-04284,,SI
49d52592-9d41-ee11-bdf5-000d3aa90776,5Lupmug6e0+EP9sn08cJ+him56HRocGO7XjU7TsHvMU+1lYjUskWmk+j8VLNP2uqs1uvNBCh+uI2mdimQI/n3A==,7/17/24 20:44,VIU - Datos,Solicitud Gestiones,Pagos,Pagos de tasas,CAT-02156,,
9f6e9303-452f-f011-8c4d-00224884631a,kMaRGpJijLAj68uOodnBx66PR9A42u+oEFW9j3bNe8VeMzXFy4Pvr66AlRjBAmNqe+6E7abOihGUgH69dg0mrQ==,5/13/25 12:07,VIU - Datos,Incidencia,"Servicios, sistemas y herramientas",MS365-Configuración,CAT-04286,,SI
2cf0c348-452f-f011-8c4d-00224884631a,x2yRyGPtyB72hKZ9SaHy2cjK2I+3AoC5Sq5lRTgPABrROilkudWPes/xB2HDPqekk7In92c5b7d/GotduizrFg==,5/13/25 12:07,VIU - Datos,Informativa,"Servicios, sistemas y herramientas",MS365-Configuración,CAT-04287,,SI
7d643973-432f-f011-8c4d-00224884631a,M/OdNLkrCcKoiWcHK8Npjo8348AE/1luzryumZyifWi//bR8Kq3F64+jZNDz7RxvBVN+IN/y5MgI47Jny6uyOQ==,5/15/25 10:45,VIU - Datos,Queja,"Servicios, sistemas y herramientas",MS365-MFA,CAT-04278,,SI
132c129f-432f-f011-8c4d-00224884631a,HgGLSGTFNji8WpJDBCmdFyCtyGo7rp/lTU8N0kEl7ndoXMpOJf1ZMLuvPrpGhcwN3ERb3WhqYczyfrbh9TtLUg==,5/13/25 12:07,VIU - Datos,Acción Proactiva,"Servicios, sistemas y herramientas",MS365-MFA,CAT-04279,,SI
53d52592-9d41-ee11-bdf5-000d3aa90776,g/i56K1B3ZmtabTQykraewjnHex3ZuTIhk8K9QMP9eqJrxVQK9oN9/dpOVZGdDYPDHynVVyJK2xuxYPc9B7h7Q==,7/17/24 20:44,VIU - Datos,Solicitud Gestiones,Prácticas,Portal de Prácticas,CAT-02161,,
38d73a02-442f-f011-8c4d-00224884631a,OXa4Pah5Hnh1BKKgxJJs1TTX7e/cSWCwWN50VeXSD4IcnSgL0KEDT2LVW3ZOvpiWz2V9T9ERN1CVvOwJqD08fw==,5/13/25 12:07,VIU - Datos,Incidencia,"Servicios, sistemas y herramientas",MS365-MFA,CAT-04281,,SI
e1a28121-442f-f011-8c4d-00224884631a,ZO3jStz+rqSYCyvJrt4oiOTGi2mUM2wG9KXrgWKcJ08iLXUU2B0jKRdz11D3GpHVrQ33aEafTqPKwwJgdcTvLQ==,5/13/25 12:07,VIU - Datos,Informativa,"Servicios, sistemas y herramientas",MS365-MFA,CAT-04282,,SI
a9ba1947-7da2-ef11-8a6a-7c1e524ec754,vQzv6PB22aoN2uMN7cIvxptLPtb9HCAYkPHBRT6NKtud+eHNUTYFGDU9Sw7jAM05byCTHNG1Q+My+ZQ2kIFCSA==,11/14/24 11:40,VIU - Datos,Acción Proactiva,Acompañamiento al estudiante,Necesidades de Acompañamiento,CAT-03719,,
cd002035-7da2-ef11-8a6a-7c1e524ec754,xxARCJKxMMAuCAamYcQp37h5yI0Jb4WZlbhmtoFWJfjwwGk/O+P+yPxmu1ETpbjvf0OG83CWqFKCstbHNSubdQ==,11/14/24 11:40,VIU - Datos,Acción Proactiva,Acompañamiento al estudiante,Onboarding,CAT-03718,,
3ec111ee-482f-f011-8c4d-00224884631a,C1DS25iosj3jYgxl6oFoQr1JZe6eRTAM1TIbqeqU40qMr5zlJlfSn5fOH2po5Gj1jC2iykYXk6UixE9KXaENAQ==,5/13/25 12:07,VIU - Datos,Solicitud Gestiones,"Servicios, sistemas y herramientas",Portal de Prácticas,CAT-04310,,SI
65e5614e-82a2-ef11-8a6b-000d3a2ee5c6,RUoVWfmNQxNfAWP6MuyqC2j9UAVgCdzbaVitbEX5l1Gt659wMM46eNOMOKURfqoxxGZJP8LSrUFucR1CNgeKWg==,11/14/24 12:17,VIU - Datos,Incidencia,Tutoría,Organización de exámenes,CAT-03757,,
77e5614e-82a2-ef11-8a6b-000d3a2ee5c6,umvlzGFkJRVBzbDZQ9ZLvYSFGy2c9eu+QMsXzArkrBoWyPcljRFvZ5QJ6G6OluqZXnqBgBN/w/0fff6qO5Gntw==,11/14/24 12:17,VIU - Datos,Informativa,Tutoría,Organización de exámenes,CAT-03766,,
55d52592-9d41-ee11-bdf5-000d3aa90776,pFyy8f9/HpezWipVqS84KsVY0aGjNQoCu0sxzn0/7XhB+Uzczs6HKLfXdyosbN4O4KyU9aJLchm8Q4y5KO9TwQ==,7/17/24 20:43,VIU - Datos,Solicitud Gestiones,Prácticas,Prácticas extracurriculares,CAT-02162,,SI
afe5614e-82a2-ef11-8a6b-000d3a2ee5c6,ZKe4TLraio3ylGWCDCvOS2n6LGEp1kvXc47UXGxRP7HbUHc3RocuaYdD0Z0S8FpTn5L4SZQzzCg4B9H7kYevlg==,11/14/24 12:17,VIU - Datos,Queja,Tutoría,Organización de exámenes,CAT-03793,,
59d52592-9d41-ee11-bdf5-000d3aa90776,w4BX+3lgWmgS2zXh0pRnsE/V+zobHHf9FkIiy8dirWcpTjux7Q575vOrmJYB08v0XZ5QOdiUM/baA4JNIr8VWA==,7/17/24 20:43,VIU - Datos,Solicitud Gestiones,Reconocimientos,Proceso de reconocimientos,CAT-02164,,
1dd42592-9d41-ee11-bdf5-000d3aa90776,5w3J3yhNrdhk6uLv4N7JpB+bSRDNNFAvYX2XEV4w+HKM2+TQsX4iXiITjHxo/32OxonQbzcnEBTG1KSjyapQlw==,7/17/24 20:45,VIU - Datos,Informativa,Académico,Otras cuestiones relacionadas con académico,CAT-02012,,SI
98d42592-9d41-ee11-bdf5-000d3aa90776,AmSxo2FMMn6O9UdZ21K1BjViKazz2zC+FKGQGVgcUFIHXhCqvFvwyBqCSgIooBG5P2QVd0bTnTpRlb2fhpp3KA==,7/17/24 20:45,VIU - Datos,Incidencia,Académico,Otras cuestiones relacionadas con académico,CAT-02068,,SI
77d52592-9d41-ee11-bdf5-000d3aa90776,x+C0KML+uN1g5unl8786GSGwB5lqXf8ylL7HMEf+UXegwZ6wFHTfrNrhC72nrOYTJj3MeLI+9utw+DOe3YgAeA==,7/17/24 20:43,VIU - Datos,Solicitud Gestiones,Títulos y certificados,Proceso Título / CAO / Otras certificaciones,CAT-02179,,
07d62592-9d41-ee11-bdf5-000d3aa90776,8RfSsJaU0Jy0FPmOd5RyjzJii969o2d78PVGMFm7x1IuUKFd0uyR755GPYZ1epSSu9nIRnuFKEukqq95NAguCg==,7/17/24 20:45,VIU - Datos,Acción Proactiva,Académico,Otras cuestiones relacionadas con académico,CAT-02251,,SI
e2af0652-1c48-ef11-bfe3-000d3abbcd25,fB2bKB/o93m5yJ4x0MxtIsuUo1vkIX/W//X2iGHrDeN+J4FtHPSSkwKP4ig+v24N8G08ulxQpSm7qpj6AxfMKw==,7/25/24 7:06,VIU - Datos,Queja,Académico,Otras cuestiones relacionadas con académico,CAT-03363,,SI
2cd42592-9d41-ee11-bdf5-000d3aa90776,D7m4ALBCgYgcYS5QNfW71Vk6KItroSDvDN47S9nmE5BdOyiko0OtL219TczxCclCjHIXJmDMe9jBN+xkmxzQVg==,7/17/24 20:45,VIU - Datos,Informativa,Documentación de acceso,Otras cuestiones relacionadas con doc. Acceso,CAT-02019,,
a6d42592-9d41-ee11-bdf5-000d3aa90776,jzRlaej3y5b/Hqm54Qo7Q0rH1jtx+shAUKBmn3qeGNxk9wwgbOWg5RamTn7cbaA6eizG7NjkXb/9p94qYH06Iw==,7/17/24 20:45,VIU - Datos,Incidencia,Documentación de acceso,Otras cuestiones relacionadas con doc. Acceso,CAT-02075,,
85e5614e-82a2-ef11-8a6b-000d3a2ee5c6,VmTG8K27zeiaBIiaRIO+QyfRcA61FD/6CyzrwUFFqzpZwmGgdkfaOoU/Bh/enhyY9Ud/2MfcaEcqQMGH9CApeQ==,11/14/24 12:17,VIU - Datos,Solicitud Gestiones,Tutoría,Procesos y trámites,CAT-03773,,
15d62592-9d41-ee11-bdf5-000d3aa90776,V2qeUQgqsQkAbQOxtUh4QNdlSKbt04zCR66Xu7bzhcjoHaP2DtG04L8yjVE5tqIn1dd7X9Ak+Je8tH6oLeQM/Q==,7/17/24 20:45,VIU - Datos,Acción Proactiva,Documentación de acceso,Otras cuestiones relacionadas con doc. Acceso,CAT-02258,,
f6af0652-1c48-ef11-bfe3-000d3abbcd25,lx+MxNRRMlcszhafhEmmJvzNJgSHsq4xGPFYaqZA05k0H/ZOiXLbW/q2/DSuiQ7IdMlv6Q0rc+qafT9GjbeUKA==,7/25/24 7:06,VIU - Datos,Queja,Documentación de acceso,Otras cuestiones relacionadas con doc. Acceso,CAT-03373,,
36d42592-9d41-ee11-bdf5-000d3aa90776,L8y0i98XyThV8w+pH3SeIsKwrbTbJ+vyZzaPV77ajnVQV7S7d15m43YpGQ+p5f/kbvMyoUJ2W+eCDOxtb6+GWA==,7/17/24 20:45,VIU - Datos,Informativa,Evaluación,Otras cuestiones relacionadas con evaluación,CAT-02024,SI,
b0d42592-9d41-ee11-bdf5-000d3aa90776,OXuAU9hbsGKwe6uoE8zB8rt7sB94PX4HC+q4CqBtgiHYsDJd140Q8Kk8C5Ig9JnaXpqweN7RtbLsUKdiIKfiIg==,7/17/24 20:45,VIU - Datos,Incidencia,Evaluación,Otras cuestiones relacionadas con evaluación,CAT-02080,SI,
0fd52592-9d41-ee11-bdf5-000d3aa90776,9LnkzeMYrIPKSf3nmZ8dcz2RHwAxIwufhRU+0jjUAkwVvMW2XpRro3erChpqgikskZ42MUbc5vIJFs8Y5H1NiA==,7/17/24 20:43,VIU - Datos,Solicitud Gestiones,Académico,Pruebas acceso/nivel,CAT-02127,,
1fd62592-9d41-ee11-bdf5-000d3aa90776,s0nEstrCdaTU3UjcIACQCW0WyzLKcQENs2qFGzOiIQPqiHEBPstL2xbrbnBqO0YhG5v7IpE0ddh9Z08Atp3gXA==,7/17/24 20:45,VIU - Datos,Acción Proactiva,Evaluación,Otras cuestiones relacionadas con evaluación,CAT-02263,SI,
feaf0652-1c48-ef11-bfe3-000d3abbcd25,I4z9XUMl8ON0JkFW7DNICi/btiwGEE00OxpYBaX0h8eNrhScemPaacHOF3CkGncA22Q/kpC+36EZHefh2IcOrQ==,7/25/24 7:06,VIU - Datos,Queja,Evaluación,Otras cuestiones relacionadas con evaluación,CAT-03377,SI,
4cd42592-9d41-ee11-bdf5-000d3aa90776,ey4bGAnbjdu2cbe1zkx/6oFwtAAUausQByDXCJGrIZaLqrFwcrkiF0Cm7ZB9Hm2mMvsk3w39h4DVu0Rc2hqbtQ==,7/17/24 20:45,VIU - Datos,Informativa,Matrícula,Otras cuestiones relacionadas con matrícula,CAT-02035,,
c6d42592-9d41-ee11-bdf5-000d3aa90776,99vCkvZGncNEI+2d0FZk5yAXg7UV3vOAV7Ap3wkaROlK6FByEBuuv6D7qbhZutmIFfxcOPYMj9Ktsc6dxawO7Q==,7/17/24 20:45,VIU - Datos,Incidencia,Matrícula,Otras cuestiones relacionadas con matrícula,CAT-02091,,
3dd52592-9d41-ee11-bdf5-000d3aa90776,kDdPj+qd6bLRtfcutlcmzWO6JbG1/cEsJxZyLEPCjSNYsayHmKGV3ek4t9Pyzkg1IPMZAn5JG3/i2joB0XDRNA==,7/17/24 20:43,VIU - Datos,Solicitud Gestiones,Matrícula,Rematrícula / renovación,CAT-02150,,
35d62592-9d41-ee11-bdf5-000d3aa90776,UrURWB94e1nCDG75aDzFICCJbgpqrna5miK0calGdEeZ71RWLUK+a0vSqI5aQHgFTbgqC/khPfKYWxXi6Sa1NA==,7/17/24 20:45,VIU - Datos,Acción Proactiva,Matrícula,Otras cuestiones relacionadas con matrícula,CAT-02274,,
14b00652-1c48-ef11-bfe3-000d3abbcd25,lV/YNPqRb4lOLf8FK2RhiSXSS2Sm0IjuJ1PaZHjgJR5PZxgeEYyii4zE0DaVfUDSwmflh5KwGZX+2UxdJg63XA==,7/25/24 7:06,VIU - Datos,Queja,Matrícula,Otras cuestiones relacionadas con matrícula,CAT-03388,,
68d42592-9d41-ee11-bdf5-000d3aa90776,Tn90rGRzFiMQDYLVtzZQ3DnRFI69hUeRda91c9GgXq6oZvOAW9Ex0e49Fok6Bh+3Y1i/Ip+rRrhsBGIq2Tz95A==,7/17/24 20:45,VIU - Datos,Informativa,Reconocimientos,Otras cuestiones relacionadas con reconocimientos,CAT-02044,,
e2d42592-9d41-ee11-bdf5-000d3aa90776,25TRheSWpRk4yLHKxRDnBHDlzBfAgSly6wcgaZzbVzKYjgGIWVdcgAHilIeHy0m6Re+kwagZFa+DTb+ySsXgjA==,7/17/24 20:45,VIU - Datos,Incidencia,Reconocimientos,Otras cuestiones relacionadas con reconocimientos,CAT-02105,,
de47b393-e6b5-ee11-a569-000d3a2f666c,js4FH4RJAEiBJP4j50FTjjlAQZTV4zBLiDRtf3a73UkcoJJ3Eo0s72O5AyrqhPFeJf67p1PJjtUOV6tpnIeJeQ==,7/17/24 20:43,VIU - Datos,Solicitud Gestiones,Prácticas,Seguridad Social,CAT-03158,,
52d62592-9d41-ee11-bdf5-000d3aa90776,YyBizN034alv3lnX/sb9QZ86E4QVBhyXArbdwGF++3nT0Bq3ObaBPUOjOBPwxlQZAaS6DptIO5JDVm4N7gGw4w==,7/17/24 20:45,VIU - Datos,Acción Proactiva,Reconocimientos,Otras cuestiones relacionadas con reconocimientos,CAT-02288,,
30b00652-1c48-ef11-bfe3-000d3abbcd25,T3x9iHgIIQedP6GP+HSWcNuwKhe9JxtBs6wjqiVnX0stHd4flcvASCMVstT+Otwb/TfB7lKk8hTFpcqc0N/XlQ==,7/25/24 7:06,VIU - Datos,Queja,Reconocimientos,Otras cuestiones relacionadas con reconocimientos,CAT-03402,,
70d42592-9d41-ee11-bdf5-000d3aa90776,QzojOdg7oidz6eBUhvi/Egm168AOMyGAenLteQFWCcfdu5gftYlq12Fu1oxXMKGpQZbQckQ8P+HMOxXNuui+2g==,7/17/24 20:45,VIU - Datos,Informativa,"Servicios, sistemas y herramientas",Otras cuestiones relacionadas con servicios sistemas y herramientas,CAT-02048,,SI
ebd42592-9d41-ee11-bdf5-000d3aa90776,3qDtJFD22wshNg6AzC3hjzklE/S+JryWumF1x+/TBT50xYzSMc21xp6qSt/aamZpmaNTLySyORQQ9F3WOFh1wg==,7/17/24 20:45,VIU - Datos,Incidencia,"Servicios, sistemas y herramientas",Otras cuestiones relacionadas con servicios sistemas y herramientas,CAT-02109,,SI
5fd52592-9d41-ee11-bdf5-000d3aa90776,wdYNj7k9o4eVcq9yrB+EMe7DwV9iFglQ5oC1FZKnqULFnFmCkK5B2VD5BkESvUAqLKRFfx/CGqOsVxGfMWtU+A==,7/17/24 20:43,VIU - Datos,Solicitud Gestiones,"Servicios, sistemas y herramientas",Servicios universitarios,CAT-02167,,SI
5ad62592-9d41-ee11-bdf5-000d3aa90776,Gr+BlBtYnxI9VBHyy5llHUOShhYnsBeycXWvj330MvC6HNt0oLPoYVVemZl3aWkS8CAPrOqS3aLIR/CVyOglPw==,7/17/24 20:45,VIU - Datos,Acción Proactiva,"Servicios, sistemas y herramientas",Otras cuestiones relacionadas con servicios sistemas y herramientas,CAT-02292,,SI
3ab00652-1c48-ef11-bfe3-000d3abbcd25,rETOFl09t4GYIQ+GzuurK6K0y16G29jHTLLFoLYwjFXGXvVKbheY0/6HPBb4bccfTzJGq4AYJxtWzvqQLd54dw==,7/25/24 7:06,VIU - Datos,Queja,"Servicios, sistemas y herramientas",Otras cuestiones relacionadas con servicios sistemas y herramientas,CAT-03407,,SI
7ed42592-9d41-ee11-bdf5-000d3aa90776,xPOO4SZkuCp/IBlNR3S0hGsmDQA10f2PWe1YstSv2eaNTkkeM2GXIHb+FWINV4NuVzwpvO5ptHhDutWID6xxRA==,7/17/24 20:44,VIU - Datos,Informativa,Solicitud baja/cambio,Otras cuestiones relacionadas con solicitud baja / cambio,CAT-02055,,
f9d42592-9d41-ee11-bdf5-000d3aa90776,NPhl64KGsUFcu9t6nT5ABT3BKKf3Qe/W9GOSjRqeXbzjURVstPflnB0MHIJJSSeA9h8gMWeaCUxMdDHKwNdv2A==,7/17/24 20:44,VIU - Datos,Incidencia,Solicitud baja/cambio,Otras cuestiones relacionadas con solicitud baja / cambio,CAT-02116,,
29d52592-9d41-ee11-bdf5-000d3aa90776,VDDjDt3b+LxMk4NznShCdrKadYhTRVrLoz7MJlbgnA6U3IgNPJaiq3MoIzu+3i4BFhEs846Mi0T4lsAs3zlnRQ==,7/17/24 20:42,VIU - Datos,Solicitud Gestiones,Evaluación,Sistema Proctor,CAT-02140,SI,
68d62592-9d41-ee11-bdf5-000d3aa90776,/Sma1Ls5olP/8MgafPkfoxie83rVvbOIaIE5FlLQfFocyeOSfIsMJ77LwK2VSKH8QW/RukXSHz/AqXrp4rtyqw==,7/17/24 20:44,VIU - Datos,Acción Proactiva,Solicitud baja/cambio,Otras cuestiones relacionadas con solicitud baja / cambio,CAT-02299,,
48b00652-1c48-ef11-bfe3-000d3abbcd25,IVgcneSessIimnFmL+mIqjcm+jYOpQqEOq0fyvmuyFDDN77fglpdTaYL9T+RRaaZ5YivgjvyhvYGwd/vnfVqxw==,7/25/24 7:06,VIU - Datos,Queja,Solicitud baja/cambio,Otras cuestiones relacionadas con solicitud baja / cambio,CAT-03414,,
84d42592-9d41-ee11-bdf5-000d3aa90776,3XJHb/WlvdqYFW0j+gKGRbu9foV8f1R8XywETdggIlVGEbF9MX0615oJ97BR1V0HF4gjiSsGCpMmu5FRea5DyQ==,7/17/24 20:44,VIU - Datos,Informativa,Títulos y certificados,Otras cuestiones relacionadas con títulos y certificados,CAT-02058,,
ffd42592-9d41-ee11-bdf5-000d3aa90776,8yKJS1Uv4gR7hzBJtz8kVLsBBLZ/BkpRJ8CEGBXu87BCU1xxDrBHEUwLoVJpK5zLkB1zFLiRIzmHD3ni5Uk/yg==,7/17/24 20:44,VIU - Datos,Incidencia,Títulos y certificados,Otras cuestiones relacionadas con títulos y certificados,CAT-02119,,
7bd52592-9d41-ee11-bdf5-000d3aa90776,5WFJUrfQTeL36Br/S1cep4Mf2ogbn1HrZ5GRCQ2VMDZzNrgdLvZUVF/TFMxAWfJtbqKcb4GRJSMTxjeGmPlEfw==,7/17/24 20:42,VIU - Datos,Solicitud Gestiones,Admisión,Solicitud admisión,CAT-02181,,
6ed62592-9d41-ee11-bdf5-000d3aa90776,mQ6qpMPjTAe88zN5ZFnO3wbJh8wE4Icn5garukzQ0BOI9H/MvK50rWXZFfiDizIT6GRd6vR14Hju8vUK8XRpcA==,7/17/24 20:44,VIU - Datos,Acción Proactiva,Títulos y certificados,Otras cuestiones relacionadas con títulos y certificados,CAT-02302,,
4cb00652-1c48-ef11-bfe3-000d3abbcd25,mW4ETEMeMYh2d4vCbshVf5KZBuMsB5kMv2hzORUtPNKjIpbepc8o9dnbBV1FdlBIdcxmjm4f4VxQZ29yXqGO6w==,7/25/24 7:06,VIU - Datos,Queja,Títulos y certificados,Otras cuestiones relacionadas con títulos y certificados,CAT-03416,,
179b6ea4-7da2-ef11-8a6a-7c1e524ec754,h0Uih1PlgHhX2VkGfkwmUkLF0lm3zAJkZ+vHeobp8iUWAClVTklf/7C6KkvbEBRPkq+Znxi+zoJlChaNdfqgTQ==,11/14/24 11:43,VIU - Datos,Acción Proactiva,Acompañamiento al estudiante,Otros acompañamientos,CAT-03726,,
e21f62c8-ab41-ee11-bdf5-000d3aa900f3,20VRdL2OQLsrgd2xfpjuQ0JPCNQvtE5xrSfYxNUqM9N25mxjdhe/HsMcFT7IrDTBC9v23WYhu5swuWan8+gPUA==,7/17/24 20:44,VIU - Datos,Informativa,Pagos,Pago de cuotas,CAT-02308,,
d0d42592-9d41-ee11-bdf5-000d3aa90776,uRX4Ys1ycb7ew+/MVjM242gHkCIpNShl2hzsjWYFK9VRm4PWoikFBtfGdUI1UV3ZFFS7N1GRrrw3rXhqpQ6l8A==,7/17/24 20:44,VIU - Datos,Incidencia,Pagos,Pago de cuotas,CAT-02096,,
11d52592-9d41-ee11-bdf5-000d3aa90776,tBo9rCqRtBtGcMg9h++yg25yDUkf4U+zBK7e5zU5bYbrldmPdeUwzlsfNkvhr+S+ah6DpDujo28VcQSGcdPRCw==,7/17/24 20:41,VIU - Datos,Solicitud Gestiones,Académico,TFT,CAT-02128,SI,
3fd62592-9d41-ee11-bdf5-000d3aa90776,mksunZVCLNBSpSDED2KTvPO+pGXEO8/UUAllLRtmagQh3kmFaAtjEPpQ5EeVozrPZrJyyumPJqjXCUkBcGiZZw==,7/17/24 20:44,VIU - Datos,Acción Proactiva,Pagos,Pago de cuotas,CAT-02279,,
1eb00652-1c48-ef11-bfe3-000d3abbcd25,3n2qESAau5G6zX4zVap8nQLCjzshN+y8/+xKdzKCl5CvqyqWA+mcipeQ4bd4QYy9WPGmQ7hTjwPmPjGOIUIKfQ==,7/25/24 7:06,VIU - Datos,Queja,Pagos,Pago de cuotas,CAT-03393,,
e01f62c8-ab41-ee11-bdf5-000d3aa900f3,KATNXrvksVVLEV1F2rrqZnWd1uMmoJMYTovtP2Pn0InHF6lnPwmauekhPIjdfWLkfHefFrlWtbkNS9ZqhnGnEA==,7/17/24 20:44,VIU - Datos,Informativa,Pagos,Pagos de tasas,CAT-02307,,
ced42592-9d41-ee11-bdf5-000d3aa90776,tHQb0i/0AUMOpieXm/gP3wBkVKXA9ROtZ1+jjRZmjuooSI8UMhUoz6PxWBUyIAcx+7qEFQs4tCb8ddpXTW4YpQ==,7/17/24 20:44,VIU - Datos,Incidencia,Pagos,Pagos de tasas,CAT-02095,,
8fe5614e-82a2-ef11-8a6b-000d3a2ee5c6,tBczlJH5oLeEvOEBlrwgm3dzAiT9ox5XDXqypeaPhmZBtscifNja6FJ3HEmS1HRloLhdSyZ15Uixp+/Mz1bJrw==,11/14/24 12:17,VIU - Datos,Solicitud Gestiones,Tutoría,Tutoría desestimada/cancelada,CAT-03778,,
3dd62592-9d41-ee11-bdf5-000d3aa90776,6Bcs/aScj0WyCdOPt2XwIWRNDUaHuFZBlzSuthSundGjhxab5qtVIoQdWHjqQk0Ond7GwnDz+G3rOVvsdBZ7Bg==,7/17/24 20:44,VIU - Datos,Acción Proactiva,Pagos,Pagos de tasas,CAT-02278,,
20b00652-1c48-ef11-bfe3-000d3abbcd25,DsD6EnZubQCZRzCX3rvJFFe4nGwTd3AJ+fWfkWrZfwgyqBuyLPReIV4LIFyMVVBPOkzp9CumqnXdic5uZBIIaA==,7/25/24 7:06,VIU - Datos,Queja,Pagos,Pagos de tasas,CAT-03394,,
fc05858f-988c-f011-b4cc-7ced8d0f22cd,8hBiO4FjQPVQQ7KfoF2LJ5Py0cdgYw6yoRx7fqZcL/FvBfGpMnRavYKDyV70D4dVm/w2rxucUUgLvzUtaTlrHA==,9/8/25 9:45,VIU - Datos,Incidencia,"Servicios, sistemas y herramientas",Phisihing,CAT-04611,,
5ed42592-9d41-ee11-bdf5-000d3aa90776,G/jqd3+AG9aAQwvJ6tqgaTswYDMmfJX0QmaHFN9MD1r/b+5/1Qc4SA24t+qYE6A2VPepvj1Z79Tqf1KuKkMlFA==,7/17/24 20:44,VIU - Datos,Informativa,Prácticas,Portal de Prácticas,CAT-02039,,
d8d42592-9d41-ee11-bdf5-000d3aa90776,tK/1iwxMW8QrQsTImXtvjyg2pRU1IMmQrbokJUbPK7FcHoOXskyB/N479OUbJOdXvr4VAGcDWbJ9fp0Vx8lLkQ==,7/17/24 20:44,VIU - Datos,Incidencia,Prácticas,Portal de Prácticas,CAT-02100,,
49e5614e-82a2-ef11-8a6b-000d3a2ee5c6,osa9d2RKbWx1hq3qiD097Q9bNhNwbw8iiXxBtK6oDSGGVy0vFImudWQ68HWT9+/iiNxmM0YzCIFbTq3qIw+uDw==,11/14/24 12:17,VIU - Datos,Trámites,Tutoría,Acompañamiento en la matrícula,CAT-03743,,
47d62592-9d41-ee11-bdf5-000d3aa90776,anQOcweCnh7eMvN3HSfOa7jFcTiZmxgn1oVIiu01AK4BOTfVQntG9Fa3zrJIfuDlMoKIPsMMPTfqD3SQ/6vDpg==,7/17/24 20:44,VIU - Datos,Acción Proactiva,Prácticas,Portal de Prácticas,CAT-02283,,
28b00652-1c48-ef11-bfe3-000d3abbcd25,T43Dg/IKE2aXYwjM+GSxpHI/45iIDbk3O3BioEDx+CFR57hE32GyxIeA7EmhmYQKxuhtnwuKAPPdpWeh/hVJtA==,7/25/24 7:06,VIU - Datos,Queja,Prácticas,Portal de Prácticas,CAT-03398,,
e3e077b8-482f-f011-8c4d-00224884631a,uhMI/gutMzWbPDEn0pmaBWLyXN5gTLg+XQVvbknSjAnjNCwz9PeY80tg5eDepc+NwoJWsEHsonN5mH3i5149Og==,5/15/25 10:45,VIU - Datos,Queja,"Servicios, sistemas y herramientas",Portal de Prácticas,CAT-04308,,SI
c0ef09d4-482f-f011-8c4d-00224884631a,rwG5FkeL1kvTbyd6mSyq8D98FB70pSa8HHhVAicjGCXdbNOEMzLWAAydqfYqk9HfUzQc8ENRcbW8Nf5LR5Fbyg==,5/13/25 12:07,VIU - Datos,Acción Proactiva,"Servicios, sistemas y herramientas",Portal de Prácticas,CAT-04309,,SI
51e5614e-82a2-ef11-8a6b-000d3a2ee5c6,of7caYoJ3Ksmxeejb8AbzUvNKqEW28OWjwwqlOhgwMBYjC/lcjK42e8V091PSzW3GMuse9DCGRbK9BaL0Ef7rQ==,11/14/24 12:17,VIU - Datos,Trámites,Tutoría,Acompañamiento en prácticas,CAT-03747,,
4ab40109-492f-f011-8c4d-00224884631a,p9nIafwoxiLVAkVmm4PgASoWmEUFZlS1a4yioZJ5g5ZkmFUMUWiksJ6YqvUejQ0xT+zopw9Kv3DVRYH5Hx9Whw==,5/13/25 12:07,VIU - Datos,Incidencia,"Servicios, sistemas y herramientas",Portal de Prácticas,CAT-04311,,SI
c3ecae22-492f-f011-8c4d-00224884631a,0egAaTgOOWuRFwJtIQytGTA/r3AHgfBFLHHPwkKNBNfED5QfO0JqzSzN94jwAtYbGQd4zK1sB3yMDZUFGkM51w==,5/13/25 12:07,VIU - Datos,Informativa,"Servicios, sistemas y herramientas",Portal de Prácticas,CAT-04312,,SI
60d42592-9d41-ee11-bdf5-000d3aa90776,bKvymkwD8Ml4yuI2ilCDBpXS5L+mfNxR/ew4lgDFACaskLoVskh5Je2qcFezgSOJycUlnyuqWIc3ndvHR1WdOw==,7/17/24 20:43,VIU - Datos,Informativa,Prácticas,Prácticas extracurriculares,CAT-02040,,SI
dad42592-9d41-ee11-bdf5-000d3aa90776,msJBNXKWCKF+IZb3J6Qkf2TVlSu1kfFkfAPcb1UrCs1ugLjNIz8F9ELP3CGGC0q+Tv7gQeP5Q681lALEfbqGrw==,7/17/24 20:43,VIU - Datos,Incidencia,Prácticas,Prácticas extracurriculares,CAT-02101,,SI
75b9ee2b-7ea2-ef11-8a6a-7c1e524ec754,wSMThtwuu7aKJYGBcycuNSggnGNmaowpnT/Kq+RG3/Z01AtXe4U83n/CUdQwoGY+jpN0J4j/lZHYH5HFkogPIQ==,11/14/24 11:47,VIU - Datos,Trámites,Pagos,Ajustes económicos en la matrícula,CAT-03731,,
49d62592-9d41-ee11-bdf5-000d3aa90776,OUX1Uow3AgMFbv6ZoCll0CJAOCCfm4aPArmdmj6es7jNxowQTJ/B2TpB0H9mh0iROpMzmcu7J0z0jsKlI94GQg==,7/17/24 20:43,VIU - Datos,Acción Proactiva,Prácticas,Prácticas extracurriculares,CAT-02284,,SI
2ab00652-1c48-ef11-bfe3-000d3abbcd25,wt2zOdPJNWiOK6tKOnvhipmFAo4CTVUoQKiZO2choThhV20lYaNNfy+MZQvSOxfBV1/m5BePWTKueR5Gjic/nw==,7/25/24 7:06,VIU - Datos,Queja,Prácticas,Prácticas extracurriculares,CAT-03399,,SI
64d42592-9d41-ee11-bdf5-000d3aa90776,wkhZy7jxUnAuspgKC5I+snXsPR6ElpeldW6McSzxoLLVrJtP6BDLM2YTvLzex9FPrp7dmkBzuQ0LDAjIxwvSyQ==,7/17/24 20:43,VIU - Datos,Informativa,Reconocimientos,Proceso de reconocimientos,CAT-02042,,
ded42592-9d41-ee11-bdf5-000d3aa90776,xJMTHbLj9LsOvQv4S7u1tMeoOhpSQz5BXezSqr4BnC7oTUHItaz0bjjxSKVtR/6ad2T4hHOz+OGb0vFtxUssqw==,7/17/24 20:43,VIU - Datos,Incidencia,Reconocimientos,Proceso de reconocimientos,CAT-02103,,
4de5614e-82a2-ef11-8a6b-000d3a2ee5c6,rcee82nsaMyFZtgiekV+Ntl2HljTQvuQl5zF8fgxS8wkJHbYOm6U2iouqlA2R6Q7ZcKgBl2CrEm6ZZizI5MeGA==,11/14/24 12:17,VIU - Datos,Trámites,Tutoría,Calendarios,CAT-03745,,
4dd62592-9d41-ee11-bdf5-000d3aa90776,w+H12fXxEq2jLf9YTrG/+SFMVwxxzoas3arvChR2ahvIrh4GUGXJdvCeNtumxcYhgGpzFORpck2K0nzYMwympg==,7/17/24 20:43,VIU - Datos,Acción Proactiva,Reconocimientos,Proceso de reconocimientos,CAT-02286,,
32b00652-1c48-ef11-bfe3-000d3abbcd25,012nZcxDQh1uJkdo50SjmWH0KGZo+bnMADV4uXWvwM4NLKjQ9oB2TL943+msPlFurkjGX8D67t/wbbdMrfiumQ==,7/25/24 7:06,VIU - Datos,Queja,Reconocimientos,Proceso de reconocimientos,CAT-03403,,
b489806c-e4b5-ee11-a569-000d3ab6fe31,sK7zGl39w3X9KyTlDx5Ga5hct6bDurBSRnGphmd1uJT1L3bNkrF6wBMG6gk41w4siBRhXOooLo0ft8pgUE2Bog==,7/17/24 20:43,VIU - Datos,Trámites,Títulos y certificados,CAO,CAT-03155,,
82d42592-9d41-ee11-bdf5-000d3aa90776,scD7pc2nm0SXtmpajlYGi0m5ZPHxmxhS4fOgGT6Y6JrHrm/GXR4Hwxu36ZBmjVLrGBywTTcCroDDdwJfDKu45g==,7/17/24 20:43,VIU - Datos,Informativa,Títulos y certificados,Proceso Título / CAO / Otras certificaciones,CAT-02057,,
fdd42592-9d41-ee11-bdf5-000d3aa90776,E7zwc9eHwnTEixymIxabHETsZOdkNKUufD259mOwkq7bsUC0Ia2OCybnfsNU22LY8w5SJSwP8+dSP5yjwLZa3w==,7/17/24 20:43,VIU - Datos,Incidencia,Títulos y certificados,Proceso Título / CAO / Otras certificaciones,CAT-02118,,
913d6a75-7ea2-ef11-8a6a-7c1e524ec754,yJ6zF3RRkwp+Nmj7xiwa3o0d1CWnHjEB7+PaUHHdrLCcAuklvv/KM+MOLVWsQcnvz9d6pi6N1k1kGCL8/0a5vg==,11/14/24 11:49,VIU - Datos,Trámites,Impagos,Cuotas nuevo ingreso,CAT-03735,,
6cd62592-9d41-ee11-bdf5-000d3aa90776,dyBJQxaAO4yX9RVrhDg5KHomOQtzzFa04JiChhU03P9veCNdIZFI7/C6j8QQPkY+N7s4QxTRhPjovg1C0bgsPw==,7/17/24 20:43,VIU - Datos,Acción Proactiva,Títulos y certificados,Proceso Título / CAO / Otras certificaciones,CAT-02301,,
4eb00652-1c48-ef11-bfe3-000d3abbcd25,LB0mQcwym22rkyCgg4Dvo/5wlT1Eovs3/4n8ADX6h6+HB/vQeBqnPk3KkX28qNiz3xbp3iEPKAoszq3lwf+nkA==,7/25/24 7:06,VIU - Datos,Queja,Títulos y certificados,Proceso Título / CAO / Otras certificaciones,CAT-03417,,
3ef54e99-7ea2-ef11-8a6a-7c1e524ec754,oDcs7hvDm0DkAH2SZ7nemMQEb0kcLikip38ipo3tQgdrlV2dwWjw9B1bm1DZPGv/hLhRbH9tP7yfEWWE7w9gkg==,11/14/24 11:50,VIU - Datos,Trámites,Impagos,Cuotas re-enrollments,CAT-03736,,
61e5614e-82a2-ef11-8a6b-000d3a2ee5c6,e9AfQ1drhrG4NbrtDiuMKPkaF/ij2lvSLqfGGSPl/iqSCJK7RdHu9GIkf1Q30VdnNoPaWp2TvixOt7wIGGgg3g==,11/14/24 12:17,VIU - Datos,Incidencia,Tutoría,Procesos y trámites,CAT-03755,,
73e5614e-82a2-ef11-8a6b-000d3a2ee5c6,rswVzEZ3Up7tXMFUO5qc52ABKQop1z8TkzfJrC1EgxL5mm7RUuAi2FnPpkf1BPdpZOQ2VTqPHNHwSIrdA6ikqQ==,11/14/24 12:17,VIU - Datos,Informativa,Tutoría,Procesos y trámites,CAT-03764,,
584c8c19-7ea2-ef11-8a6a-7c1e524ec754,/DbaBPh6/CNUM9JgEPmyaqYdS4uZ0p2IBzifP1ERvVJ86tNQKXSQD7Vj9bvw0CtX/VwPGrXZ9pAmV3NKwdr7ow==,11/14/24 11:46,VIU - Datos,Trámites,Pagos,Devoluciones,CAT-03730,,
abe5614e-82a2-ef11-8a6b-000d3a2ee5c6,Q+dOMvnEDEDhDCJ1JJvZ0WD9T4mZDHsBizGfY4IB8qabNR5SkqXRrOYW2o13oa+LaOUIrCYO2sm01iggNNjk2w==,11/14/24 12:17,VIU - Datos,Queja,Tutoría,Procesos y trámites,CAT-03791,,
19d42592-9d41-ee11-bdf5-000d3aa90776,MLvSoSwx/HSa0csbMKPwDZqXDXhaWgvgNcSb5HR7HLJm3fQ9iNQDV/VoyrEoxfs+rUthG5Y6slShsLRmr4v9/w==,7/17/24 20:43,VIU - Datos,Informativa,Académico,Pruebas acceso/nivel,CAT-02010,,
94d42592-9d41-ee11-bdf5-000d3aa90776,BOsviX7/sSLwYo0YyywhWnzZAHGQU8nt7QVKgNJ3OB2gWB2HkEv8qApZYatRW7/Vpq570WYw3g8fuURfhHgEvA==,7/17/24 20:43,VIU - Datos,Incidencia,Académico,Pruebas acceso/nivel,CAT-02066,,
55e5614e-82a2-ef11-8a6b-000d3a2ee5c6,DpY5n5YGmYkYHqwHVL5sUWlb759/RTlo1me1UH47uy6Ju8axk27nmx14dk5byIBQ8anV2ZcCcfa8ZLxyG4QBqg==,11/14/24 12:17,VIU - Datos,Trámites,Tutoría,Diversidad funcional,CAT-03749,,
03d62592-9d41-ee11-bdf5-000d3aa90776,KMUCSxDCnDTCplzQZdamZRZUzsS+cPA5gDKcwwJtt3TK8vI4cx8YPmWklAuKYUPaxIr+qAwCa/Qll/prGYd0BA==,7/17/24 20:43,VIU - Datos,Acción Proactiva,Académico,Pruebas acceso/nivel,CAT-02249,,
e4af0652-1c48-ef11-bfe3-000d3abbcd25,KlVeydXqyv0Lv5mtD3F8pObEocpz58Ew+T8lJuxDZkwftKpXEsu44YSctqu6yLJuEOUCE6+s/ielKwQwurQ86w==,7/25/24 7:06,VIU - Datos,Queja,Académico,Pruebas acceso/nivel,CAT-03364,,
57e5614e-82a2-ef11-8a6b-000d3a2ee5c6,JLLG0GULPRSvbMcluLk0aJLq0IXRr46ZPMganwoUsFEF3ldcFWfb4px58JQoS6syVR8pL685MEc58AlPpQH4Bg==,11/14/24 12:17,VIU - Datos,Trámites,Tutoría,Eventos de fuerza mayor,CAT-03750,,
98d2ae38-7ea2-ef11-8a6a-7c1e524ec754,5eqM12jkEawkD299HMaeQh30zF5XEmCCOpECndSuF1O4Sdk6J9Z8qU5colIa7znhLq/H2qKFWFw/n7gcwmDjrw==,11/14/24 11:47,VIU - Datos,Trámites,Pagos,Facturas especiales,CAT-03732,,
51c2016d-7da2-ef11-8a6a-7c1e524ec754,T2dH5+PFeHuWw04RSR68pd5+wkeV7Ki3dpr+ykfhrxqJ2KquKXExBBL3NCXTqMpgC1LlXqzID2w5MgpnUFkumQ==,11/14/24 11:41,VIU - Datos,Acción Proactiva,Acompañamiento al estudiante,Registro de la imagen,CAT-03722,,
48d42592-9d41-ee11-bdf5-000d3aa90776,vkgHqezLn6lO2Hqhrkvjrn53c2gqagGIWasVtIUUBNvjVFBoZqrH14MMEUZB3jxOOoX4b8e4T8EduPj1i4L0QQ==,7/17/24 20:43,VIU - Datos,Informativa,Matrícula,Rematrícula / renovación,CAT-02033,,
c2d42592-9d41-ee11-bdf5-000d3aa90776,osQlgtKbpGb4D9dawZbSbF4YKW63PQK04xhK91y+ph3WIkyB+vQrHNyTvYBDJsp72vy0T9okof0HgfYsh//YVw==,7/17/24 20:43,VIU - Datos,Incidencia,Matrícula,Rematrícula / renovación,CAT-02089,,
4be5614e-82a2-ef11-8a6b-000d3a2ee5c6,TmEVnTGgl2OJ1i4nB8QpFU2HPqh2M8/6Ixw0aFWEzgU+7Oh8ObwgmjnQxHzR53xJME2Wrgl2Hg8wphQIQkQUIA==,11/14/24 12:17,VIU - Datos,Trámites,Tutoría,Manejo de campus y servicios,CAT-03744,,
31d62592-9d41-ee11-bdf5-000d3aa90776,E8WpEYJssGn4FhsTmM3qrr7/Ot4BEbViuxr6lRs88p7f4za1zUQIuMxhzns3eRnHB1d4sZcmuQfWJDKx8vMiVw==,7/17/24 20:43,VIU - Datos,Acción Proactiva,Matrícula,Rematrícula / renovación,CAT-02272,,
16b00652-1c48-ef11-bfe3-000d3abbcd25,25HoTd7TA4u9BdCwsqvuvg4hduSUTj9UzL74blby7ZLQvLiwrWfu7VxBIiC5i8gWyboAy2tjWYwnbPpLe+a5jw==,7/25/24 7:06,VIU - Datos,Queja,Matrícula,Rematrícula / renovación,CAT-03389,,
53e5614e-82a2-ef11-8a6b-000d3a2ee5c6,CIpVVl82mvct/T91FHRaRGGrlymXBOsRSQ2ZX3ZVVH3p3Vd8RzTmjLPNmL2j6rbYQnMnjnzFvr9NNLAA14RqYw==,11/14/24 12:17,VIU - Datos,Trámites,Tutoría,Organización de exámenes,CAT-03748,,
2770b48a-e4b5-ee11-a569-000d3ab6fe31,PTWiDmU7wv4JvIcZnwZzsrG99rHNSwx+qS6lM5fgivTsfc7Sbb8WSG37AXy0HGXzhloV8O7jiKKFUu+HAB97dQ==,7/17/24 20:45,VIU - Datos,Trámites,Títulos y certificados,Otras certificaciones,CAT-03156,,
474ba27f-7da2-ef11-8a6a-7c1e524ec754,tGXBvUuMQkXPtEPnP7ag4CBlXgoEseSaA8LGmb80t/hR9Xsx2cdR8VOHOqbN70VTnPtniLTCnQ8iawjDdU5zLQ==,11/14/24 11:42,VIU - Datos,Acción Proactiva,Acompañamiento al estudiante,SAED,CAT-03723,,
dc6c4429-deb5-ee11-a569-000d3a2ed2f4,in/G4sEyTTDVMOiLn4Q4HKkbTfsjMAW9i/eCXOH5XRpefOgIrTXdk44p6FAsxBYXHDh9EemfX1p0PjifZ0eScA==,7/17/24 20:43,VIU - Datos,Informativa,Prácticas,Seguridad Social,CAT-03151,,
7d127d5c-e6b5-ee11-a569-000d3a2f666c,mXC9oZVmEyAe6oB0pqpOaMlQ08z6d6fXJwlzqu2YYeSUo62GuGmd+t+xQoUFqMQsspjFXoOhxBO+VDUP+C6aAQ==,7/17/24 20:43,VIU - Datos,Incidencia,Prácticas,Seguridad Social,CAT-03157,,
e9605448-e4b5-ee11-a569-000d3ab6fe31,O+mA4RjfQHaIfe4nDoyQIeW62FQFEcz+LBXtvYLWSp1n/4KIfEQ7ahCQJuShyr3OqkeywlJlLETHcikPosZEmg==,7/17/24 20:43,VIU - Datos,Trámites,Títulos y certificados,Proceso Título,CAT-03154,,
0dbf57ca-e6b5-ee11-a569-000d3a2f666c,1uPiEKS1Si3oOGOyPBM3f8+gHPaFNmMM8i0Ij8RYEzyAQt72m6VHFsW+ctea7vX1lv9fuC8fgxHyMGyZ7ucukg==,7/17/24 20:43,VIU - Datos,Acción Proactiva,Prácticas,Seguridad Social,CAT-03159,,
4d2ac04d-4309-ef11-9f89-000d3a28d6df,g2yYfsxeUkZznYivZq8wBwhB4aJnmYFi5Euer3c4kCqoUpJpapke/XNCLcUW3K3645ZNL7uZimEME7lXXJYNlA==,7/17/24 20:43,VIU - Datos,Informativa,Prácticas,Seguridad Social Fuera de plazo,CAT-03213,,
6ad42592-9d41-ee11-bdf5-000d3aa90776,A7kRt/59biAbRHpc3eAKe3CCzkdEmb+OmuoSzhiunJ/ZOFC8XlzSykh4Jbed7c+iIMAnCPOISk+k+U3wx3i8Kw==,7/17/24 20:43,VIU - Datos,Informativa,"Servicios, sistemas y herramientas",Servicios universitarios,CAT-02045,,SI
e4d42592-9d41-ee11-bdf5-000d3aa90776,xI9rnY6EPMiocIhl8RGeqGxlf7HDbMmaMLr3r82+mO4WEK8FJa52zsrvE2hGnZuU14JJIi8YdiPDvXfRoJDvSg==,7/17/24 20:43,VIU - Datos,Incidencia,"Servicios, sistemas y herramientas",Servicios universitarios,CAT-02106,,SI
4fe5614e-82a2-ef11-8a6b-000d3a2ee5c6,A8ShU+8qOxeUzL1CCLK3iSNLXXNDS5LUZzBoH0iNYmrcFDFig5lH8L0dJ4c6h+FhPRIZqtycx60q+GXw345Biw==,11/14/24 12:17,VIU - Datos,Trámites,Tutoría,Procesos y trámites,CAT-03746,,
54d62592-9d41-ee11-bdf5-000d3aa90776,2tsv6k5FIzobhCx/RhT4vP7hzP0k5CxAkn/wyY4aTx3qbUPcGHFmGZhQKA4UWHsO3wk09Epj0yALdb5ZZ+4QAA==,7/17/24 20:43,VIU - Datos,Acción Proactiva,"Servicios, sistemas y herramientas",Servicios universitarios,CAT-02289,,SI
3eb00652-1c48-ef11-bfe3-000d3abbcd25,ZF236mosd+ixAKE0H4gGbMgAfDEmYLVAzXfSN7dnQMGpnmoedTAtC4VKSOI3lM8h9x8+J5kDlO+QpLxGslZhPA==,7/25/24 7:06,VIU - Datos,Queja,"Servicios, sistemas y herramientas",Servicios universitarios,CAT-03409,,SI
deec4566-7da2-ef11-8a6a-7c1e524ec754,LGiKhh7rc9gtRn0JEWdL5+FYRGY+hwJlaD7AGkkGH6HUY66yG8UTAprSuERgVuqh+4zU/DuWbRoZMUMk7Y8O8g==,11/14/24 11:41,VIU - Datos,Acción Proactiva,Acompañamiento al estudiante,Sin Centro de Prácticas,CAT-03721,,
34d42592-9d41-ee11-bdf5-000d3aa90776,zWeae20eem8DgWHK3TT6XDDjxPGpSWLcFc7ASzgcmlMeqN7Rh/FknnnHCkmcFyH+BTjOhvz0J/U1X4HUEF5xMQ==,7/17/24 20:42,VIU - Datos,Informativa,Evaluación,Sistema Proctor,CAT-02023,SI,
aed42592-9d41-ee11-bdf5-000d3aa90776,yiTvJuXBG9r3u9SNbG3gTnKJAUHGcI/Fc2Hg79aD7jb5FenBKs3BtGmnn/DPCZQmeLFQKlBYtgX8/uw7s1v2nA==,7/17/24 20:42,VIU - Datos,Incidencia,Evaluación,Sistema Proctor,CAT-02079,SI,
7aeadacc-a36e-ef11-a671-002248851761,WZ+LmYkpdPSGF35tve6Bia4ZGRb18Aub2aOIMWr4fiTJM1oYqmJgiRpV+0FYXIBxDJlQiyt0U5GXmpBZ+vy9cQ==,9/18/24 16:32,VIU - Datos,Trámites,Pagos,Recobros,CAT-03657,,
1dd62592-9d41-ee11-bdf5-000d3aa90776,OY4iVCnxicqhBNKo+zArQE/WjeJIYbn32wlwjk5uXUMAhhpxUpXOM5oZrkeCnwuHJ6i+T7HVxtglRK8nCJH/sw==,7/17/24 20:42,VIU - Datos,Acción Proactiva,Evaluación,Sistema Proctor,CAT-02262,SI,
00b00652-1c48-ef11-bfe3-000d3abbcd25,QIPqu+5egz1074UU5tOys/xk6xZN4i19guPT01VoDUrRlrTJxuwLMtvj+YaCoskqgoCMul9Bs8quKUu8bdIgxw==,7/25/24 7:06,VIU - Datos,Queja,Evaluación,Sistema Proctor,CAT-03378,SI,
86d42592-9d41-ee11-bdf5-000d3aa90776,dI6n2r7nZmptjM7zthXGGmEVVgD3ZsHtaWTyqk72LEL+2To0mc8S7VovMqK9bfuFFEHmdT3yE4DGQw5vj6R07w==,7/17/24 20:42,VIU - Datos,Informativa,Admisión,Solicitud admisión,CAT-02059,,
01d52592-9d41-ee11-bdf5-000d3aa90776,4e+NkUg5aQcHof/M98vQ8Pes/wy0IyzlldJraWECju/47ZO4Ads/14BWlWnOxJo2TZdqcxZxfXrSVn3AsjSHkQ==,7/17/24 20:42,VIU - Datos,Incidencia,Admisión,Solicitud admisión,CAT-02120,,
89e519ee-7da2-ef11-8a6a-7c1e524ec754,7fx7kBnDSvRFxjGJCzp3e+CPPLFTkOAeG+xkOYzEWFzroDX8XRE9j0BvXAUv2Jk4JwYK+wPn0H3T4DUz6jtiuA==,11/14/24 11:45,VIU - Datos,Trámites,Pagos,Recordatorios,CAT-03728,,
70d62592-9d41-ee11-bdf5-000d3aa90776,OCXdxX4c6xT9uOfqqcQ5RPex5vhdG2EBm26bioojfvOdn8f9aoq7vm6dILYlvo1Xq37tuTkhc6YGFrJX0y2tjw==,7/17/24 20:42,VIU - Datos,Acción Proactiva,Admisión,Solicitud admisión,CAT-02303,,
e8af0652-1c48-ef11-bfe3-000d3abbcd25,TSAzjgVZgNx08HLkwiQbN6gn8EqJ7uHwHIBGUjOtVS43N/GrUYBVKa7gRGtp/Cr7NdTqkM2uBqvrMp4ndjL5SQ==,7/25/24 7:06,VIU - Datos,Queja,Admisión,Solicitud admisión,CAT-03366,,
e1037957-7ea2-ef11-8a6a-7c1e524ec754,b8xGqtFXyfUMyQ8mp2aF2aRLO8tuFgOUYB8jPCN3GDePnVPBz6fIKMMWqqmOdTRxmaIeV8NbBfnav0AO5IB6pw==,11/14/24 11:48,VIU - Datos,Trámites,Impagos,Riesgo baja nuevo ingreso,CAT-03733,,
1bd42592-9d41-ee11-bdf5-000d3aa90776,kk92GiTWhfxs3h6I4XEMIcgmEU4xWCY3rMQiaer2TPuuyvlXdUYWdwcJXcIRISC13Gh/nBBI2o7Kio+/NYyr5A==,7/17/24 20:41,VIU - Datos,Informativa,Académico,TFT,CAT-02011,SI,
96d42592-9d41-ee11-bdf5-000d3aa90776,YXp+BpFLv6tzw5RxXvqtQWFkKslL2H3FekxiYEDdLjpV5dnwm0dGJBt1rwvd0da0gVbwWJGDtoE2fgoM9jHXIw==,7/17/24 20:41,VIU - Datos,Incidencia,Académico,TFT,CAT-02067,SI,
1d626b69-7ea2-ef11-8a6a-7c1e524ec754,2avmWmBQi3xDyuDpwn+I50UifiwPC2Ng2ADYGAzd/XVjuOm5z7NGX+HFVKt7WVnQY79j0WvZu8/OHj3SflnNbw==,11/14/24 11:48,VIU - Datos,Trámites,Impagos,Riesgo baja re-enrollments,CAT-03734,,
05d62592-9d41-ee11-bdf5-000d3aa90776,h/aKWNit6cNz+6S68oHMo9iMhDpl2VrGpg1z1vjGmsn8sJIKDjSaRYV8BgIdqdKhjdvmB+/BZFoHeZZmgYOYUQ==,7/17/24 20:41,VIU - Datos,Acción Proactiva,Académico,TFT,CAT-02250,SI,
e6af0652-1c48-ef11-bfe3-000d3abbcd25,Ouf5jmbxDQFZVSHi7rl6dd3Y+kTdnM+jng2xyw/TWvGybihJUKddfVBjm8nfGjIGyYJAGcgxLA6PFClQ4fVZOQ==,7/25/24 7:06,VIU - Datos,Queja,Académico,TFT,CAT-03365,SI,
fe235707-7ea2-ef11-8a6a-7c1e524ec754,ZTXK2gi411dx3CdNAQHMEQVJh7E/VCOKwgZy1Q7+LpdT9IE7h/X6CGULkrR/SJ4KYiXidjJfqI86U7l5mjP3fA==,11/14/24 11:46,VIU - Datos,Trámites,Pagos,Solicitud pago de tasas,CAT-03729,,
6be5614e-82a2-ef11-8a6b-000d3a2ee5c6,NryO7plJ6BqbL4pddUwpkNXmu2BYeKij5WMey6dD3WGW16brwguXfKHVnQF+2ZZcsq/gcONshezgTDfhNG3fxg==,11/14/24 12:17,VIU - Datos,Incidencia,Tutoría,Tutoría desestimada/cancelada,CAT-03760,,
7de5614e-82a2-ef11-8a6b-000d3a2ee5c6,Zu6RYFpCleH4nd3y3yI8G0Gabbf209zML5sYQktyl0nxx6PTbKsBKoNcp1+w986wwIMpXo7shIEdZVTaCArgrg==,11/14/24 12:17,VIU - Datos,Informativa,Tutoría,Tutoría desestimada/cancelada,CAT-03769,,
59e5614e-82a2-ef11-8a6b-000d3a2ee5c6,PpyOMsMM1rt23wMSr6xdgYMsbEjStX52ve33iKJSnl4w9OxC2PhAkTnxPiU5W+tNaXB1RlGk/wygmhTJYBH6qQ==,11/14/24 12:17,VIU - Datos,Trámites,Tutoría,Tutoría desestimada/cancelada,CAT-03751,,
b5e5614e-82a2-ef11-8a6b-000d3a2ee5c6,s/fNkQR5UHOh1xPttO/cvClyC8ZRThGepqImjq7cu88zEDSp419sZ9k7h/tji5KP+VO3WT8G1++gywhVny8hvw==,11/14/24 12:17,VIU - Datos,Queja,Tutoría,Tutoría desestimada/cancelada,CAT-03796,,